СЗАО,Октябрьское Поле,8,51.0,2,16000000
ЮАО,ЗИЛ,20,40.7,1,15374104
ВАО,Выхино,12,63.0,3,13900000
ЮВАО,Угрешская,9,22.5,0,8609625
ВАО,Преображенская площадь,17,33.9,2,10700000
СВАО,Новодачная,9,42.8,2,10309980
ВАО,Измайловская,9,35.2,1,9500000
САО,Дмитровская,10,27.9,0,13122790
ЮВАО,Некрасовка,9,55.9,2,14250000
САО,Водный стадион,5,42.0,2,13690071
САО,Беломорская,13,66.2,2,16300000
ЮАО,ЗИЛ,20,43.1,1,16064083
ЮВАО,Юго-Восточная,8,63.0,3,15000000
ЗАО,Парк Победы,10,25.3,0,13669907
САО,Войковская,10,43.5,2,18500000
Новая Москва,Румянцево,18,39.7,1,9823058
ЦАО,Спортивная,5,38.0,1,18950000
ЮВАО,Площадь Ильича,14,28.8,0,14143680
СЗАО,Шелепиха,21,36.5,1,13400000
ЮЗАО,Бунинская аллея,16,43.9,2,10687826
ВАО,Бульвар Рокоссовского,14,30.0,1,8500000
ЗАО,Мичуринский проспект,13,47.4,1,21775560
ЮАО,Домодедовская,16,60.0,2,25900000
ЮАО,ЗИЛ,20,75.0,2,27336734
САО,Речной вокзал,10,74.7,2,37500000
ЮЗАО,Бунинская аллея,16,45.4,2,11655714
ЮВАО,Стахановская,11,60.0,2,17950000
Новая Москва,Румянцево,18,33.5,1,8315147
Новая Москва,Саларьево,39,52.0,1,11200000
ЮЗАО,Новые Черёмушки,14,30.5,0,10922050
ЗАО,Солнцево,13,86.1,3,25200000
ЮАО,ЗИЛ,20,41.0,1,15043435
ЗАО,Проспект Вернадского,11,75.5,3,29500000
ЮВАО,Угрешская,12,27.9,0,9667210
СЗАО,Сходненская,28,46.5,2,13800000
САО,Водный стадион,5,38.2,1,14386070
ЗАО,Крылатское,15,169.0,4,49900000
Новая Москва,Румянцево,18,40.1,1,10068704
СЗАО,Шелепиха,21,140.0,4,59000000
Новая Москва,Румянцево,15,37.7,2,9735989
САО,Яхромская (2023),10,33.0,1,9100000
ЮВАО,Текстильщики,15,37.0,1,11607917
САО,Аэропорт,8,44.0,2,14500000
ЦАО,Пролетарская,8,67.8,2,22729987
ВАО,Новогиреево,13,51.0,3,12000000
ЮЗАО,Бунинская аллея,16,51.3,2,10980123
СЗАО,Сходненская,9,45.3,2,11200000
ЮЗАО,Новые Черёмушки,14,27.0,0,10100700
САО,Дмитровская,10,44.0,2,13999000
Новая Москва,Тёплый Стан,38,55.2,3,14021162
САО,Ховрино,3,32.2,1,11000000
САО,Водный стадион,5,66.8,2,19562235
СВАО,Марьина Роща,7,77.0,3,38500000
ВАО,Рижская,19,25.6,0,8031339
ЗАО,Аминьевская,14,36.9,1,11000000
ЮВАО,Угрешская,9,61.9,2,21681960
ЦАО,Серпуховская,10,54.1,1,38500000
ЮЗАО,Бунинская аллея,16,28.6,1,8253826
ВАО,Перово,17,32.0,1,11000000
САО,Дмитровская,10,42.0,1,17892536
ЮВАО,Юго-Восточная,10,45.5,2,10700000
ЮАО,Варшавская (2022),8,62.8,2,20067449
ЮЗАО,Улица Скобелевская,7,37.8,1,8700000
Новая Москва,Румянцево,18,37.1,1,10260128
САО,Аэропорт,6,50.0,3,20000000
САО,Дмитровская,10,68.0,2,24414334
СВАО,Свиблово,9,39.8,1,11950000
ЗАО,Солнцево,10,23.4,0,8552700
ЗАО,Минская,15,56.0,2,22000000
ЗАО,Молодёжная,13,39.9,1,14595911
Зеленоград,Ховрино,35,41.3,1,9900000
Новая Москва,Силикатная,29,36.6,1,10400073
ВАО,Сокольники,3,80.1,3,25500000
ЮВАО,Площадь Ильича,13,66.5,2,22590050
ЮВАО,Текстильщики,15,44.6,2,12000000
ЮЗАО,Калужская,10,66.7,2,22464560
СЗАО,Митино,6,37.8,1,10500000
ЮВАО,Авиамоторная,15,77.6,3,25949440
СЗАО,Панфиловская,8,58.4,1,22000000
ЮАО,Красный строитель,16,51.3,2,14671368
ВАО,Семёновская,9,72.6,3,22500000
САО,Дмитровская,10,43.8,1,16643156
ЮЗАО,Коньково,10,58.5,2,14300000
ЮЗАО,Бунинская аллея,16,39.2,1,9048771
ЮАО,Коломенская,7,49.7,3,13900000
ЗАО,Ломоносовский проспект,6,25.6,0,14136192
ЮВАО,Рязанский проспект,3,41.0,2,10200000
САО,Белорусская,4,31.4,0,20189999
Новая Москва,Пыхтино (2023),10,38.8,1,10600000
Новая Москва,Рассказовка,16,43.3,1,12678958
САО,Гражданская,8,33.6,1,11990000
ВАО,Рижская,19,38.6,1,10498525
ЗАО,Боровское шоссе,9,54.0,2,12500000
ЮВАО,Кожуховская,13,38.0,2,13629778
ЮЗАО,Бульвар Дмитрия Донского,12,38.9,1,10500000
САО,Водный стадион,5,42.1,1,15402042
ЦАО,Красносельская,8,21.5,1,12000000
ЮЗАО,Бунинская аллея,16,38.4,2,9903528
ЮВАО,Угрешская,10,23.6,0,9000000
САО,Дмитровская,10,27.9,0,15392221
ЮВАО,Жулебино,4,36.4,1,8650000
Новая Москва,Румянцево,15,60.2,3,12909778
ЮВАО,Жулебино,4,31.6,1,8000000
ЗАО,Парк Победы,10,32.4,1,19406292
ЦАО,Пролетарская,10,46.0,2,14600000
ЮЗАО,Новые Черёмушки,14,45.9,2,14733900
ВАО,Улица Дмитриевского,4,31.8,1,9100000
Новая Москва,Румянцево,15,34.5,2,9558587
ЗАО,Аминьевская,5,75.0,3,39500000
САО,Водный стадион,5,94.4,3,25474744
ЮВАО,Угрешская,9,25.6,1,8250000
САО,Водный стадион,5,65.2,2,19880410
СВАО,Бабушкинская,14,46.0,2,12000000
ЮАО,Красный строитель,16,38.1,1,9949170
ЗАО,Солнцево,19,53.6,2,13600000
ЗАО,Мичуринский проспект,10,78.4,2,33343520
СВАО,Ростокино,10,32.0,1,9500000
СЗАО,Трикотажная,19,44.5,1,15143038
ЮЗАО,Зюзино,14,30.8,1,11300000
САО,Дмитровская,10,27.3,0,14489889
ВАО,Бульвар Рокоссовского,9,36.0,1,12250000
ЗАО,Аминьевская,7,19.7,0,10132816
САО,Беломорская,7,27.0,1,8500000
САО,Дмитровская,10,42.7,1,18438287
ЮВАО,Окская,9,31.7,1,8000000
СВАО,Бутырская,14,23.8,0,15230000
ЮВАО,Угрешская,10,23.6,0,9200000
Новая Москва,Щербинка,42,43.8,2,8819719
Новая Москва,Пыхтино (2023),26,40.0,2,10500000
Новая Москва,Саларьево,40,43.7,1,9590950
ЮВАО,Жулебино,4,36.4,1,8400000
СЗАО,Мякинино,20,22.4,1,9139850
СВАО,Бабушкинская,10,40.0,1,10500000
ЦАО,Павелецкая,4,51.8,1,28232399
САО,Водный стадион,13,36.2,1,16000000
ВАО,Рижская,19,41.6,1,11140886
ЗАО,Рабочий посёлок,9,37.0,1,12000000
САО,Хорошёвская,10,33.7,1,12972478
ЮВАО,Нижегородская,9,43.7,2,13800000
Новая Москва,Силикатная,35,34.1,2,8668236
ЮВАО,Марьино,7,36.9,1,9100000
Новая Москва,Новомосковская (2024),33,20.5,1,8197208
ЮВАО,Некрасовка,2,59.9,2,14600000
Новая Москва,Румянцево,16,41.0,1,9206668
СЗАО,Пятницкое шоссе,23,56.0,2,15000000
Новая Москва,Силикатная,32,36.6,2,8399229
ЮЗАО,Ясенево,9,33.0,1,9500000
ЗАО,Молодёжная,13,36.2,1,15056216
САО,Коптево,8,33.2,1,10700000
ЮВАО,Площадь Ильича,12,73.3,2,25281170
ЮВАО,Курьяново,8,36.5,1,13500000
Новая Москва,Саларьево,32,56.4,2,9767638
ЮЗАО,Коньково,5,32.7,1,11850000
СЗАО,Спартак,13,42.3,1,14752070
СВАО,Свиблово,4,37.8,1,11500000
ЗАО,Фили,2,65.0,2,34650720
ЮВАО,Некрасовка,5,58.4,2,14400000
СЗАО,Трикотажная,19,42.2,1,15355736
ЮВАО,Волгоградский проспект,9,49.0,1,15200000
ЮЗАО,Бунинская аллея,16,43.6,2,9976239
СЗАО,Октябрьское Поле,8,51.0,2,16000000
ЮАО,ЗИЛ,20,40.7,1,15374104
ВАО,Выхино,12,63.0,3,13900000
ЮВАО,Угрешская,9,22.5,0,8609625
ВАО,Преображенская площадь,17,33.9,2,10700000
СВАО,Новодачная,9,42.8,2,10309980
ВАО,Измайловская,9,35.2,1,9500000
САО,Дмитровская,10,27.9,0,13122790
ЮВАО,Некрасовка,9,55.9,2,14250000
САО,Водный стадион,5,42.0,2,13690071
САО,Беломорская,13,66.2,2,16300000
ЮАО,ЗИЛ,20,43.1,1,16064083
ЮВАО,Юго-Восточная,8,63.0,3,15000000
ЗАО,Парк Победы,10,25.3,0,13669907
САО,Войковская,10,43.5,2,18500000
Новая Москва,Румянцево,18,39.7,1,9823058
ЦАО,Спортивная,5,38.0,1,18950000
ЮВАО,Площадь Ильича,14,28.8,0,14143680
СЗАО,Шелепиха,21,36.5,1,13400000
ЮЗАО,Бунинская аллея,16,43.9,2,10687826
СВАО,Лианозово,10,54.0,2,11799000
ЗАО,Кунцевская,8,55.7,2,17840710
ЮВАО,Люблино,10,59.6,3,13900000
Новая Москва,Тёплый Стан,38,37.0,1,10087723
ЮЗАО,Коньково,4,36.6,1,13700000
СВАО,Новодачная,9,49.3,2,12465310
САО,Речной вокзал,9,35.0,1,9900000
Новая Москва,Силикатная,30,37.6,1,8784751
ВАО,Первомайская,6,35.0,2,10500000
ЮЗАО,Бунинская аллея,16,28.2,1,8759833
Зеленоград,Пятницкое шоссе,77,50.9,2,12000000
ЮАО,Красный строитель,16,34.5,1,10631541
ЮВАО,Некрасовка,5,40.0,1,9900000
ЮАО,ЗИЛ,20,67.2,2,22201958
ЗАО,Солнцево,10,38.0,1,12199000
ЮЗАО,Бунинская аллея,16,66.7,3,14733238
ЮАО,Нагорная,10,43.0,2,11990000
Новая Москва,Саларьево,30,22.6,1,8590320
САО,Аэропорт,7,46.7,2,15800000
Новая Москва,Саларьево,63,50.4,2,10213560
ЗАО,Аминьевская,10,33.3,1,15800000
Новая Москва,Саларьево,32,40.9,1,8230832
ЮАО,Шипиловская,6,52.0,3,12950000
ЮЗАО,Бунинская аллея,16,28.4,1,8373289
ЮАО,Чертановская,6,38.2,1,10450000
Новая Москва,Силикатная,32,39.4,2,8821866
СВАО,Бескудниково,7,72.0,3,18500000
СВАО,Новодачная,9,55.8,2,12235744
ЮВАО,Братиславская,6,44.2,1,12500000
СЗАО,Спартак,13,58.9,2,15928680
ЗАО,Молодёжная,12,39.4,1,15700000
ЗАО,Мичуринский проспект,10,46.4,1,22538290
ЮВАО,Косино,7,54.2,2,12400000
Новая Москва,Румянцево,16,37.5,1,8892166
ЮВАО,Братиславская,4,58.1,2,15000000
Новая Москва,Румянцево,16,38.3,1,9607030
ЮВАО,Марьино,8,57.2,2,15500000
Новая Москва,Силикатная,32,51.9,3,10862225
СЗАО,Планерная,16,43.2,2,11200000
ЮАО,ЗИЛ,20,65.6,2,23480253
ЮАО,Улица Академика Янгеля,6,51.0,2,12500000
Новая Москва,Новомосковская (2024),33,33.2,1,9368474
СЗАО,Щукинская,9,54.9,3,14900000
ЮЗАО,Бунинская аллея,16,40.5,2,10041668
ЮАО,Красный строитель,5,51.1,2,14700000
Новая Москва,Силикатная,35,55.6,2,10803767
ЮАО,Котляково (2024),23,91.1,3,23200000
ЮЗАО,Новые Черёмушки,14,45.9,2,15881400
ЮВАО,Люблино,9,47.0,2,14500000
СЗАО,Трикотажная,19,40.4,1,12416859
ЮВАО,Люблино,8,44.0,2,9890000
Новая Москва,Щербинка,39,33.0,1,11134773
ЮВАО,Юго-Восточная,8,35.4,1,9100000
САО,Зорге,15,54.6,2,27787900
ЮЗАО,Севастопольская,7,44.6,2,11990000
ЗАО,Молодёжная,13,43.4,1,17069539
САО,Селигерская,8,27.2,0,13700000
ЮАО,Красный строитель,16,37.2,1,10405834
ЦАО,Новослободская,3,101.4,5,39500000
ЗАО,Фили,2,59.2,2,30296962
ЮАО,Шаболовская,7,32.0,1,13500000
ЗАО,Аминьевская,7,57.6,2,20843211
Новая Москва,Щербинка,11,31.2,1,8000000
САО,Дмитровская,10,60.8,2,27786731
ЗАО,Новопеределкино,7,28.0,0,9700000
ЮВАО,Угрешская,9,61.9,2,21114090
ЗАО,Славянский бульвар,25,53.0,2,29000000
ЮЗАО,Бунинская аллея,16,28.4,1,8064649
ЮВАО,Жулебино,4,29.4,2,8400000
САО,Дмитровская,10,27.1,0,13964086
ЮВАО,Жулебино,10,58.6,2,14300000
Новая Москва,Саларьево,30,22.9,1,8295937
ЮВАО,Угрешская,10,40.0,1,15200000
Новая Москва,Новомосковская (2024),33,24.5,1,8250173
СВАО,Бабушкинская,17,36.5,1,9500000
СВАО,Бутырская,14,38.3,1,23100000
ЮЗАО,Бунинская аллея,13,53.1,2,12000000
ЮАО,Красный строитель,16,37.2,1,10562514
СВАО,Ростокино,15,27.6,0,10250000
Новая Москва,Новомосковская (2024),33,32.6,1,9131353
ЮВАО,Нижегородская,11,25.9,0,9300000
Новая Москва,Щербинка,39,55.5,3,11253735
САО,Верхние Лихоборы,3,38.0,1,14500000
СЗАО,Терехово,17,47.8,1,24105540
САО,Гражданская,11,95.0,3,33500000
Новая Москва,Саларьево,30,39.8,2,10830257
СЗАО,Хорошёвская,21,83.3,3,37500000
Новая Москва,Солнцево,53,35.3,2,8581023
ЮВАО,Печатники,10,52.3,1,15500000
СЗАО,Тушинская,6,44.8,2,13631516
ЮВАО,Кузьминки,17,31.0,1,8850000
СЗАО,Трикотажная,19,55.8,2,18457412
СВАО,Медведково,10,57.3,3,12900000
СЗАО,Стрешнево,8,37.3,1,11733482
СЗАО,Митино,7,38.8,1,11900000
Новая Москва,Румянцево,16,37.4,1,8930502
СЗАО,Октябрьское Поле,17,51.3,2,14000000
Новая Москва,Саларьево,30,34.6,1,11451078
САО,Водный стадион,9,35.0,1,14500000
ЮЗАО,Бунинская аллея,16,55.5,2,13371535
СВАО,Отрадное,19,38.6,1,12000000
ЮЗАО,Бунинская аллея,16,21.8,1,7118075
Новая Москва,Говорово,6,46.0,1,13000000
ЮВАО,Угрешская,12,57.2,2,17003329
СВАО,Отрадное,3,46.2,2,13500000
СЗАО,Щукинская,16,39.2,1,13154708
Новая Москва,Рассказовка,18,38.2,1,10700000
ЮАО,Нагатинская,21,20.7,1,9723827
ЮЗАО,Нагорная,9,39.0,2,11500000
СВАО,Бутырская,14,36.8,1,20890000
ЮВАО,Люблино,9,59.7,3,16000000
ЮАО,ЗИЛ,20,24.9,0,14068500
ЗАО,Молодёжная,15,26.0,1,10500000
Новая Москва,Румянцево,17,74.9,4,15157173
ЮВАО,Депо,10,43.0,2,9600000
САО,Водный стадион,5,57.7,2,18019913
ЦАО,Чистые пруды,10,78.4,3,34900000
ЮЗАО,Новые Черёмушки,14,32.0,0,11536000
ЮЗАО,Севастопольская,14,45.0,2,12000000
СВАО,Бибирево,23,37.3,1,8169348
ЗАО,Крылатское,6,37.4,1,14500000
ЮЗАО,Бунинская аллея,16,61.2,3,14150683
ЮАО,Улица Академика Янгеля,6,52.0,2,11990000
СЗАО,Щукинская,11,43.6,2,13962776
СЗАО,Планерная,15,32.5,1,11100000
ЮЗАО,Бунинская аллея,16,33.2,1,8448839
ЮВАО,Братиславская,8,38.3,1,11000000
ЮВАО,Кожуховская,13,36.3,2,16491671
СВАО,Ботанический сад,2,20.5,1,9800000
ЮАО,ЗИЛ,20,68.4,2,23683569
ЮВАО,Текстильщики,19,38.0,2,11980000
ЮЗАО,Бунинская аллея,16,83.9,4,16310632
ЦАО,Белорусская,10,31.5,1,12999999
САО,Дмитровская,10,66.2,2,23310013
ЮАО,Южная,8,46.7,2,13890000
Новая Москва,Солнцево,52,35.9,1,8635934
ЮАО,Каширская,4,32.0,1,13200000
САО,Дмитровская,10,28.0,0,13048357
ВАО,Новогиреево,11,44.5,2,11500000
ЮАО,Павелецкая,10,70.6,2,35924447
САО,Коптево,13,42.0,2,10500000
ЮАО,Павелецкая,10,70.6,2,35924447
СВАО,Отрадное,18,39.1,1,10200000
САО,Дмитровская,10,68.1,2,24271216
СВАО,Фонвизинская,9,38.5,2,11499000
Новая Москва,Тёплый Стан,38,38.8,1,10385591
САО,Савёловская,10,36.9,2,12200000
Новая Москва,Щербинка,39,38.2,2,8860621
ЮВАО,Юго-Восточная,16,45.1,2,11500000
СЗАО,Стрешнево,11,42.2,2,13749866
Новая Москва,Рассказовка,6,37.2,2,12700000
ЮАО,Красный строитель,16,34.3,1,9870040
ЮАО,Шипиловская,5,65.0,3,15999000
СЗАО,Терехово,17,41.6,1,24606400
ЮВАО,Некрасовка,13,41.0,1,8500000
Новая Москва,Солнцево,52,35.2,1,8510869
САО,Селигерская,11,25.2,0,10500000
Новая Москва,Саларьево,30,40.1,2,11119931
ВАО,Новогиреево,28,58.0,3,12000000
САО,Дмитровская,10,63.4,2,24838663
ВАО,Новогиреево,28,58.0,3,12000000
ЮВАО,Угрешская,12,62.5,2,20114937
ЮАО,Варшавская (2022),8,42.0,1,14250000
СЗАО,Терехово,17,47.8,1,29994500
ЗАО,Проспект Вернадского,7,81.0,3,27480000
СЗАО,Трикотажная,19,40.7,1,15010974
ЮВАО,Текстильщики,18,42.4,2,8300000
Новая Москва,Румянцево,16,56.0,2,11821136
СЗАО,Шелепиха,17,63.0,2,26500000
ЮЗАО,Бунинская аллея,16,75.2,3,17328598
ЮВАО,Некрасовка,9,37.7,1,10900000
ЮВАО,Кожуховская,13,37.3,2,12667721
ЗАО,Рабочий посёлок,8,57.7,3,15999000
ЮЗАО,Бунинская аллея,16,69.7,3,16075241
ЗАО,Пионерская,2,38.2,1,16500000
Новая Москва,Рассказовка,19,67.1,2,14356121
ЮАО,Алма-Атинская,10,38.5,1,9680000
ЮАО,ЗИЛ,20,47.1,1,24025710
ЮВАО,Курьяново,17,32.5,1,8200000
Новая Москва,Силикатная,29,38.3,1,10945068
ВАО,Бульвар Рокоссовского,6,43.8,2,18000000
Новая Москва,Саларьево,34,78.8,2,12683560
ЗАО,Новопеределкино,4,53.7,2,13295000
СЗАО,Трикотажная,19,57.7,2,21132724
САО,Сокол,6,42.2,2,15300000
ЮАО,Верхние Котлы,17,69.7,3,29501842
ЮЗАО,Улица Скобелевская,10,39.8,1,8990000
САО,Водный стадион,5,26.4,0,9139452
Новая Москва,Саларьево,62,51.4,2,10500000
ЮВАО,Кожуховская,13,23.4,1,10641531
ЗАО,Давыдково,15,45.0,2,13300000
Новая Москва,Румянцево,18,37.0,1,9321755
САО,Водный стадион,9,40.1,1,16800000
САО,Белорусская,4,52.8,1,34179999
СВАО,Алтуфьево,13,39.4,1,11500000
СЗАО,Терехово,17,71.9,2,37078830
Зеленоград,Пятницкое шоссе,74,43.2,1,9400000
ЮЗАО,Бунинская аллея,16,23.1,1,7435948
Новая Москва,Рассказовка,33,37.6,1,10500000
ЮВАО,Кожуховская,13,37.9,2,12944648
ВАО,Щёлковская,16,34.7,1,8100000
ЗАО,Ломоносовский проспект,6,78.8,2,29335900
ЗАО,Новопеределкино,5,39.0,1,11300000
Новая Москва,Саларьево,30,59.9,3,13949931
Новая Москва,Рассказовка,20,35.9,1,10900000
Новая Москва,Саларьево,32,56.4,2,9816721
ЮАО,Кантемировская,5,44.7,2,13800000
САО,Белорусская,4,53.1,1,32549999
СВАО,Фонвизинская,18,40.5,2,9900000
ЗАО,Молодёжная,13,40.1,1,18542612
СЗАО,Пятницкое шоссе,4,53.0,2,17000000
САО,Дмитровская,10,37.7,1,15964197
ЮЗАО,Улица Скобелевская,14,20.1,0,8300000
СЗАО,Трикотажная,19,82.5,3,24602601
ВАО,Сокольники,16,33.1,1,12000000
ЮАО,ЗИЛ,20,48.4,1,16946167
САО,Бескудниково,5,34.5,1,9800000
Новая Москва,Новомосковская (2024),33,37.9,2,9618273
САО,Водный стадион,13,36.2,1,16000000
ЮВАО,Кожуховская,13,55.6,2,18569167
ЮАО,Автозаводская,15,40.0,2,10000000
Новая Москва,Тёплый Стан,38,26.5,1,9039023
ЗАО,Новаторская,16,41.0,1,14999000
ЮЗАО,Новые Черёмушки,14,46.2,2,15024240
ЮАО,Покровское,32,45.0,2,10700000
Новая Москва,Новомосковская (2024),33,36.7,2,10371519
ЮЗАО,Тропарёво,20,32.0,1,11500000
СЗАО,Терехово,17,66.6,2,35091540
ВАО,Бульвар Рокоссовского,7,37.3,1,15000000
СЗАО,Трикотажная,19,89.8,3,26755606
ЮВАО,Люблино,15,37.4,1,12000000
ЮЗАО,Бунинская аллея,16,39.1,1,9777172
ЦАО,Курская,4,110.0,4,39950000
Новая Москва,Саларьево,30,21.4,1,8890069
ЮАО,Пражская,12,58.0,2,14500000
САО,Водный стадион,5,84.9,3,24610174
Новая Москва,Новомосковская (2024),49,34.0,1,8700000
СЗАО,Трикотажная,19,57.4,2,20323021
ЮЗАО,Чертановская,10,43.4,1,16300000
Новая Москва,Силикатная,35,36.5,2,8324344
ЗАО,Новопеределкино,5,44.1,1,12500000
ЮАО,ЗИЛ,20,87.7,3,34181371
ЦАО,Краснопресненская,10,59.5,2,21900000
Новая Москва,Саларьево,40,43.7,1,9802858
СВАО,Бабушкинская,5,64.0,3,15900000
САО,Яхромская (2023),4,42.7,1,15044700
ВАО,Преображенская площадь,8,47.4,1,24000000
Новая Москва,Рассказовка,23,43.3,1,10496974
ВАО,Сокольники,10,80.7,2,22500000
СВАО,Бутырская,14,44.7,1,21600000
САО,Хорошёвская,14,72.5,2,33000000
Новая Москва,Саларьево,30,23.6,1,8202652
ЮЗАО,Новаторская,8,56.7,2,22000000
Новая Москва,Новомосковская (2024),33,51.7,2,15218669
САО,Лихоборы,6,68.0,3,19500000
САО,Дмитровская,10,37.3,1,18412873
ЮВАО,Пролетарская,5,65.0,3,23000000
СВАО,Бутырская,14,60.9,2,36490000
Новая Москва,Новомосковская (2024),47,59.9,2,11200000
ЗАО,Молодёжная,13,87.7,3,33815265
ВАО,Перово,14,44.5,2,11200000
СЗАО,Шелепиха,12,21.6,1,11772519
САО,Дмитровская,3,58.6,2,24950000
ЮЗАО,Бунинская аллея,16,38.0,1,9655479
ЮАО,Домодедовская,18,19.9,0,8500000
ВАО,Рижская,19,38.6,1,10569435
СВАО,Фонвизинская,9,58.0,2,19400000
Новая Москва,Саларьево,30,54.0,2,13937346
СЗАО,Планерная,10,45.9,2,12300000
САО,Дмитровская,10,40.7,1,17460593
ЮЗАО,Улица Скобелевская,6,77.2,3,16950000
ЮВАО,Угрешская,9,37.5,1,12027750
ЮВАО,Угрешская,10,52.8,2,17650000
СЗАО,Трикотажная,19,39.5,1,14054890
ЮАО,Чертановская,8,61.4,3,15800000
Новая Москва,Румянцево,15,60.2,3,12819192
ВАО,Бульвар Рокоссовского,16,53.2,3,14000000
Новая Москва,Рассказовка,23,40.5,1,9659699
Новая Москва,Новомосковская (2024),30,33.6,1,11000000
Новая Москва,Бульвар Адмирала Ушакова,29,35.9,2,8591597
ЮВАО,Жулебино,8,95.0,4,24000000
ЮАО,Красный строитель,16,37.2,1,11205090
ЮЗАО,Улица Скобелевская,16,34.0,0,10000000
САО,Белорусская,4,54.3,1,37989999
ЮЗАО,Нагорная,16,56.8,3,15500000
ЮЗАО,Бунинская аллея,16,76.9,4,17240860
Новая Москва,Щербинка,19,40.3,1,8900000
СЗАО,Шелепиха,12,20.5,1,13615855
СЗАО,Сходненская,17,39.9,1,9500000
САО,Дмитровская,10,66.5,2,23873965
ЮЗАО,Беляево,9,45.2,2,13700000
ЮАО,ЗИЛ,10,24.9,0,10558842
СВАО,Фонвизинская,7,41.0,2,13700000
Новая Москва,Саларьево,30,49.8,2,13916586
ЦАО,Римская,9,58.3,2,23000000
ЗАО,Озёрная,21,22.8,1,11134418
СВАО,Алексеевская,8,45.3,1,17999000
Новая Москва,Саларьево,40,44.9,1,9441051
ЦАО,Шелепиха,10,56.3,2,19500000
ЗАО,Молодёжная,13,89.3,3,29893470
ЮАО,Кантемировская,15,44.8,2,10000000
Новая Москва,Саларьево,66,53.6,2,10545907
ЮВАО,Нижегородская,11,25.7,1,11000000
ЮЗАО,Бунинская аллея,16,36.1,1,9176327
СВАО,Марьина Роща,8,44.7,2,17500000
ЮЗАО,Бунинская аллея,16,66.7,3,15081162
ЮВАО,Дубровка,9,49.1,1,22800000
ЮАО,ЗИЛ,20,121.2,3,39375817
ЮВАО,Угрешская,10,37.0,1,18000000
ЮЗАО,Бунинская аллея,16,23.6,1,7677397
ЮЗАО,Бульвар Дмитрия Донского,2,84.6,4,19200000
СЗАО,Шелепиха,12,68.2,3,23451973
ЮАО,Нагорная,8,16.4,1,4690000
СЗАО,Шелепиха,12,48.8,2,27415669
ЗАО,Славянский бульвар,8,57.8,2,20399999
ЮАО,Красный строитель,16,43.8,1,11864603
ЮАО,Технопарк,7,38.0,1,15600000
СЗАО,Трикотажная,19,57.4,2,20265611
САО,Лихоборы,19,54.6,3,12000000
ЮВАО,Кожуховская,13,32.9,1,13402341
ЮАО,Южная,16,60.0,3,14900000
Новая Москва,Бульвар Адмирала Ушакова,29,37.7,2,9690000
ЦАО,Октябрьская,4,33.0,1,18100000
ЗАО,Мичуринский проспект,10,78.4,2,32833920
ВАО,Шоссе Энтузиастов,22,31.2,1,8250000
Новая Москва,Саларьево,30,39.3,2,12332026
ЮАО,Борисово,14,34.2,1,11500000
ЮАО,ЗИЛ,19,43.4,1,19846820
СЗАО,Народное Ополчение,7,54.7,2,23500000
ЮЗАО,Бунинская аллея,16,28.4,1,8218969
ЮАО,Чертановская,13,55.0,1,13800000
СВАО,Алексеевская,6,75.5,2,32747644
ЮВАО,Стахановская,7,46.0,1,13900000
ЮАО,ЗИЛ,19,42.0,1,16804200
ЮАО,Южная,9,60.2,3,18600000
ЗАО,Мичуринский проспект,13,78.2,2,33962260
ВАО,Новогиреево,15,40.8,1,10500000
ВАО,Рижская,19,23.7,0,8075001
ЮВАО,Лефортово,14,81.0,3,20500000
САО,Дмитровская,10,38.2,1,20307621
ВАО,Бульвар Рокоссовского,6,62.5,2,19400000
Новая Москва,Саларьево,78,68.3,3,12993675
ЮВАО,Жулебино,4,32.4,1,7700000
ЮВАО,Кожуховская,13,71.1,3,22544088
ЦАО,Марксистская,9,43.0,2,20900000
ЗАО,Молодёжная,13,59.5,2,21235686
ЮВАО,Угрешская,10,47.0,1,17000000
ЮЗАО,Бунинская аллея,16,45.4,2,11232539
ЮЗАО,Севастопольская,8,80.7,3,22500000
Новая Москва,Силикатная,29,54.0,2,14316588
САО,Коптево,15,29.2,1,9300000
ЮАО,Верхние Котлы,17,49.9,2,23109793
СВАО,Дмитровская,20,94.0,3,35499999
СВАО,Владыкино,15,53.4,2,15801060
САО,Селигерская,10,37.0,1,16200000
ЮВАО,Кожуховская,13,69.6,3,20538999
ЗАО,Солнцево,11,38.8,1,11500000
Новая Москва,Саларьево,69,63.8,2,9144135
САО,ЦСКА,6,32.3,1,15000000
Новая Москва,Саларьево,30,40.5,2,11289227
САО,ЦСКА,6,32.3,1,15000000
ЮАО,Павелецкая,16,64.1,2,31408359
ЮАО,Кантемировская,14,35.0,1,9350000
ЮЗАО,Бунинская аллея,16,58.8,3,13011059
ЮЗАО,Улица Горчакова,13,55.7,2,13250000
ЮАО,ЗИЛ,19,41.7,1,17059470
СЗАО,Народное Ополчение,28,24.7,0,12000000
Новая Москва,Тёплый Стан,38,34.1,1,10606560
ВАО,Новокосино,18,37.0,1,9500000
ЮАО,Варшавская (2022),8,59.6,2,20855216
ЦАО,Марксистская,10,52.1,2,30000000
ЮАО,ЗИЛ,20,67.9,2,24127499
ЦАО,Полянка,4,39.0,1,17980000
Новая Москва,Рассказовка,19,43.2,1,10700112
ВАО,Преображенская площадь,7,48.1,1,22222222
ЮЗАО,Калужская,10,61.0,2,23460600
ЮВАО,Волгоградский проспект,9,47.0,1,16000000
СВАО,Бутырская,14,46.1,1,28810000
ЮЗАО,Зюзино,8,67.1,3,21400000
ЮЗАО,Бунинская аллея,16,55.5,2,12528082
СВАО,Ботанический сад,10,112.4,3,35900000
Новая Москва,Новомосковская (2024),33,30.5,1,9211656
САО,Селигерская,8,35.0,1,16500000
СЗАО,Шелепиха,12,78.3,3,36498324
СЗАО,Строгино,17,39.2,1,11500000
Новая Москва,Саларьево,65,58.4,2,11741126
СВАО,Отрадное,15,39.5,1,10385000
Новая Москва,Силикатная,29,38.6,1,11044502
ЮАО,Коломенская,10,57.0,2,20000000
СВАО,Бутырская,14,59.6,2,34020000
ЮВАО,Андроновка,12,80.0,3,15900000
ЮВАО,Площадь Ильича,13,66.7,2,24572280
СВАО,Алексеевская,8,85.2,3,33900000
Новая Москва,Саларьево,30,22.6,1,8011112
ЮЗАО,Профсоюзная,4,78.6,3,28500000
СЗАО,Трикотажная,19,21.5,0,9317928
ЮЗАО,Новые Черёмушки,9,57.0,2,18800000
СЗАО,Трикотажная,19,44.6,1,15444667
ВАО,Шоссе Энтузиастов,10,84.6,3,28500000
СЗАО,Шелепиха,12,75.0,3,31726332
ВАО,Сокольники,4,79.8,3,27000000
ЮВАО,Кожуховская,13,76.3,3,24225601
ЦАО,Калитники,12,17.9,1,8500000
ЮЗАО,Бунинская аллея,16,40.5,2,9462968
САО,Водный стадион,9,39.1,2,18000000
Новая Москва,Рассказовка,19,65.9,2,14929763
САО,Водный стадион,17,30.3,1,9999999
Новая Москва,Силикатная,29,23.3,0,8620254
ЮВАО,Калитники,12,43.7,2,11800000
ЦАО,Пролетарская,5,58.0,2,19488000
ЗАО,Аминьевская,10,29.0,0,17500000
СЗАО,Стрешнево,11,48.0,2,14698922
ЮЗАО,Нахимовский проспект,17,36.2,1,13290000
СВАО,Новодачная,9,56.0,2,12496968
ЦАО,Шелепиха,7,45.0,1,30000000
Новая Москва,Саларьево,30,53.7,2,14963505
СВАО,Фонвизинская,7,58.0,1,22500000
Новая Москва,Саларьево,30,23.3,1,8082118
Новая Москва,Пыхтино (2023),9,61.0,3,15200000
ЮЗАО,Воронцовская,15,38.0,0,20336898
ЦАО,Выставочная,5,226.0,3,84993000
ЮЗАО,Новые Черёмушки,14,56.7,2,17826480
ЮАО,Домодедовская,16,47.8,2,10900000
САО,Дмитровская,10,64.6,2,24760696
САО,ЦСКА,6,33.0,1,12300000
Новая Москва,Новомосковская (2024),33,38.8,1,10271664
ЗАО,Ломоносовский проспект,8,55.0,3,22400000
САО,Дмитровская,10,38.2,1,19520670
ЗАО,Рабочий посёлок,8,47.0,0,24900000
СЗАО,Стрешнево,11,30.6,1,11648318
ЮВАО,Угрешская,11,35.2,1,13600000
Новая Москва,Саларьево,32,55.8,2,10138986
ЮАО,Технопарк,8,85.0,4,37969969
ЮАО,Павелецкая,16,62.7,2,27266286
ЮАО,Варшавская (2022),8,44.0,2,16000000
ЮВАО,Площадь Ильича,14,29.6,0,13977120
САО,Динамо,7,39.0,2,23500000
Новая Москва,Саларьево,30,54.8,2,14778924
ЗАО,Багратионовская,14,41.0,1,13300000
Новая Москва,Саларьево,30,40.5,2,11623865
ЮВАО,Курьяново,14,44.3,2,11250000
СВАО,Бутырская,14,68.1,2,34910000
ЮЗАО,Новаторская,18,40.0,1,13000000
СЗАО,Терехово,17,70.3,2,38826690
САО,Динамо,9,64.2,2,29800000
ЮАО,Варшавская (2022),8,59.6,3,20793536
САО,Динамо,10,78.2,3,39800000
ЗАО,Фили,2,67.3,2,36107392
ЗАО,Аминьевская,12,76.0,3,22500000
Новая Москва,Новомосковская (2024),33,58.2,3,13044961
ЗАО,Молодёжная,2,87.0,2,32000000
Новая Москва,Щербинка,39,72.4,4,13383893
САО,Аэропорт,10,89.4,4,29000000
СВАО,Бутырская,14,44.8,1,22400000
ЗАО,Аминьевская,10,72.9,3,25200000
ЮЗАО,Бунинская аллея,16,61.2,3,14347135
САО,Яхромская (2023),8,33.4,1,13500000
СВАО,Фонвизинская,23,51.7,2,21133030
ЦАО,Курская,4,110.0,4,39950000
ЮАО,Варшавская (2022),8,87.1,3,28740212
САО,ЦСКА,14,33.0,1,15900000
ЗАО,Молодёжная,13,48.6,1,19511710
ЮЗАО,Зюзино,11,44.8,2,13800000
ЮЗАО,Бунинская аллея,16,75.7,3,15996511
СВАО,ВДНХ,18,52.0,2,15799999
ЮЗАО,Бунинская аллея,16,23.6,1,7866787
Новая Москва,Новомосковская (2024),20,73.0,3,14500000
СВАО,Бибирево,23,22.4,0,5409066
САО,Динамо,9,84.0,3,34500000
ЮВАО,Угрешская,9,57.7,2,19370986
СВАО,Бескудниково,19,35.7,1,10500000
ЗАО,Молодёжная,13,41.6,1,16765349
СЗАО,Сходненская,11,35.2,1,10500000
ЮАО,Варшавская (2022),8,61.0,2,22183307
ЗАО,Аминьевская,10,74.7,3,24990000
Новая Москва,Румянцево,17,39.4,2,10419223
ВАО,Бульвар Рокоссовского,18,39.0,1,13000000
ВАО,Рижская,19,52.6,2,14099167
ЗАО,Юго-Западная,11,33.0,1,9600000
ЮВАО,Некрасовка,18,34.7,1,10098706
ЗАО,Фили,8,31.7,1,14900000
ЮВАО,Некрасовка,18,34.7,1,10098706
ЮВАО,Волгоградский проспект,9,47.0,1,16000000
Новая Москва,Саларьево,30,74.3,3,17300978
ЦАО,Марксистская,7,80.9,4,34500000
Новая Москва,Тёплый Стан,38,94.0,4,22189471
ЮАО,Улица Академика Янгеля,17,60.0,3,13400000
САО,Зорге,15,68.5,3,29056800
ЮВАО,Жулебино,10,175.5,5,39500000
СВАО,Бутырская,14,36.0,1,22090000
ЗАО,Солнцево,6,86.0,3,27800000
САО,Дмитровская,10,65.8,2,23146815
ЮВАО,Рязанский проспект,18,42.0,2,11800000
СВАО,Бутырская,14,23.8,0,15320000
ЗАО,Раменки,10,70.6,2,36200000
Новая Москва,Тёплый Стан,38,53.7,2,14139439
СЗАО,Сходненская,20,45.0,2,11300000
Новая Москва,Саларьево,34,73.4,3,12566885
САО,Водный стадион,8,36.2,1,13990000
ЮЗАО,Бунинская аллея,16,23.6,1,7791031
САО,Динамо,9,53.0,1,24696696
Новая Москва,Новомосковская (2024),33,20.3,1,7129675
ЦАО,Добрынинская,10,63.6,3,28000000
ЮАО,Красный строитель,16,23.8,0,8665093
СВАО,Марьина Роща,14,41.3,1,12700000
Новая Москва,Саларьево,32,59.1,2,11592013
ЮВАО,Кузьминки,15,31.5,1,8999999
СЗАО,Шелепиха,12,42.6,2,24512738
ЗАО,Фили,6,52.9,2,16500000
САО,Дмитровская,10,60.8,2,28077678
ЦАО,Пролетарская,16,37.2,1,11900000
Новая Москва,Щербинка,43,41.5,2,8731484
ЗАО,Аминьевская,10,38.0,1,16750000
ЮАО,Варшавская (2022),8,72.1,3,20726969
САО,Динамо,9,71.8,2,27000000
СЗАО,Терехово,17,64.4,2,35503720
ЗАО,Молодёжная,7,58.0,2,37000000
САО,Дмитровская,10,26.5,0,14203775
ЦАО,Цветной бульвар,10,72.1,3,29900000
Новая Москва,Саларьево,30,53.4,3,15620835
ЗАО,Раменки,10,52.0,2,16399999
ЮАО,Красный строитель,16,50.5,2,14303329
ЦАО,Кропоткинская,8,43.4,2,30500000
Новая Москва,Саларьево,30,72.2,4,15350731
ЗАО,Киевская,6,63.0,2,22900000
ЗАО,Мичуринский проспект,13,77.4,2,31625640
ВАО,Бульвар Рокоссовского,7,61.7,2,21990000
ЦАО,Павелецкая,4,70.1,2,38123955
ЦАО,Бауманская,5,55.7,2,26900000
ЮАО,ЗИЛ,19,71.7,2,24671970
ЮВАО,Юго-Восточная,9,51.4,3,14500000
Новая Москва,Новомосковская (2024),33,21.6,1,7391208
ЮЗАО,Зюзино,13,41.6,2,12900000
ЮАО,Павелецкая,16,61.5,2,29252475
ЦАО,Международная,6,60.0,2,47000000
Новая Москва,Саларьево,30,65.9,3,19586001
САО,Дмитровская,9,88.3,3,28000000
СВАО,Бутырская,14,36.0,1,21760000
САО,Беговая,6,87.0,3,32324757
СЗАО,Спартак,13,61.6,2,570000
ВАО,Щёлковская,17,58.4,3,14000000
Новая Москва,Саларьево,30,50.8,2,15200274
САО,Тимирязевская,10,40.0,2,14700000
САО,Дмитровская,10,66.0,2,26356994
САО,Яхромская (2023),11,26.0,0,10000000
САО,Сокол,11,23.8,1,9909696
САО,Тимирязевская,14,38.3,2,14500000
ВАО,Рижская,19,57.9,2,15152985
ЮЗАО,Щербинка,20,38.3,1,8500000
Новая Москва,Саларьево,30,51.0,2,14906127
СВАО,Ботанический сад,2,52.2,2,23500000
СВАО,Фонвизинская,21,29.4,0,12755260
ЮВАО,Окская,19,41.0,1,12500000
Новая Москва,Саларьево,30,49.9,2,14004788
САО,Динамо,9,39.5,0,18500000
ЗАО,Раменки,14,44.8,1,27435385
ЮАО,Нагорная,8,93.4,1,17500000
ЮЗАО,Бунинская аллея,16,36.1,1,8725500
ЗАО,Славянский бульвар,25,60.0,3,35000000
ЗАО,Аминьевская,7,52.9,2,19525474
ЗАО,Аминьевская,10,66.0,2,22500000
Новая Москва,Саларьево,58,72.1,2,8918049
ЮЗАО,Новаторская,8,40.0,1,15800000
Новая Москва,Новомосковская (2024),33,38.1,1,10653820
ЮАО,Автозаводская,4,80.0,4,17600000
Новая Москва,Щербинка,39,26.0,0,7774909
САО,Динамо,9,45.3,1,20000000
Новая Москва,Солнцево,76,24.4,0,6868638
ЮАО,Красногвардейская,2,74.2,3,19700000
СЗАО,Октябрьское Поле,18,70.2,3,26307450
ЮВАО,Кожуховская,5,34.0,2,13000000
СВАО,Бутырская,14,29.5,0,17820000
ВАО,Выхино,16,44.9,2,9400000
ЗАО,Кунцевская,8,41.2,1,15862000
ЮАО,Кантемировская,12,54.7,3,14200000
ЗАО,Аминьевская,13,77.7,3,25286455
САО,Селигерская,9,38.0,1,12800000
СЗАО,Стрешнево,14,74.2,2,33241600
СВАО,ВДНХ,9,75.0,4,29900000
Новая Москва,Солнцево,76,58.9,3,12575531
САО,Селигерская,9,38.0,1,12800000
ЗАО,Аминьевская,7,42.9,1,16852390
ЗАО,Фили,7,61.1,2,28800000
Новая Москва,Тёплый Стан,38,66.7,3,15638030
САО,Беломорская,7,44.7,1,18945000
ЮЗАО,Бунинская аллея,16,83.7,4,16918255
Новая Москва,Румянцево,29,33.7,1,8950000
ЮЗАО,Воронцовская,15,53.1,2,27537660
САО,Гражданская,7,38.3,2,13000000
Новая Москва,Саларьево,69,44.6,2,8794909
САО,Водный стадион,9,34.5,1,14000000
Новая Москва,Щербинка,43,37.9,2,8378177
ЮВАО,Текстильщики,18,30.7,1,8800000
СЗАО,Октябрьское Поле,18,27.8,0,12088830
ВАО,Черкизовская,24,38.6,1,12000000
ЮЗАО,Бунинская аллея,16,75.2,3,17555611
ВАО,Преображенская площадь,12,30.0,1,10500000
ЮЗАО,Бунинская аллея,16,43.5,2,10492220
САО,Динамо,10,40.0,1,25450000
ЮЗАО,Новые Черёмушки,14,26.3,0,9773080
САО,Селигерская,9,34.7,1,17000000
Новая Москва,Саларьево,30,40.2,2,10917958
ЮАО,Покровское,28,52.4,2,11000000
Новая Москва,Саларьево,30,23.7,1,7233690
Новая Москва,Новомосковская (2024),34,33.1,1,10550000
ЗАО,Кунцевская,8,42.4,1,17384000
ВАО,Новогиреево,18,39.7,2,10200000
ЮЗАО,Бунинская аллея,16,36.1,1,8598359
СВАО,Алтуфьево,11,53.0,2,12500000
СЗАО,Трикотажная,19,58.2,2,19028013
ЮВАО,Угрешская,11,37.1,1,13500000
Новая Москва,Саларьево,30,23.2,1,8179462
ЗАО,Раменки,10,40.0,1,18500000
Новая Москва,Силикатная,30,35.9,1,8596183
ЮВАО,Рязанский проспект,19,37.1,2,10000000
ЮАО,Верхние Котлы,17,85.1,3,35699017
ЮАО,Пражская,7,67.0,3,16500000
Новая Москва,Тёплый Стан,38,54.2,3,13702039
САО,ЦСКА,14,33.0,1,13300000
ЮЗАО,Бунинская аллея,16,58.7,3,13183854
Новая Москва,Говорово,10,40.1,1,15490000
ЮЗАО,Бунинская аллея,16,58.7,3,13183854
САО,Беговая,5,100.0,3,33222333
Новая Москва,Саларьево,65,42.0,2,9067824
ЮЗАО,Улица Скобелевская,14,52.0,1,14900000
ЮАО,Тульская,16,68.4,2,28886721
ВАО,Новогиреево,6,46.3,2,11400000
СВАО,Марьина Роща,12,85.2,3,28266042
ЮЗАО,Улица Старокачаловская,9,62.4,3,13500000
Новая Москва,Саларьево,30,24.0,1,9018768
ЦАО,Спортивная,3,33.8,1,15500000
ЗАО,Молодёжная,13,25.4,0,12172344
ЗАО,Раменки,10,69.4,2,34000000
ЮЗАО,Бунинская аллея,16,58.4,3,12398729
ЮВАО,Кузьминки,4,58.0,2,22500000
ЮАО,Нагатинская,21,54.8,2,22930669
ЮВАО,Братиславская,21,48.3,1,11500000
ЮВАО,Некрасовка,16,37.3,1,10318560
ЗАО,Говорово,9,62.0,2,18000000
Новая Москва,Саларьево,30,61.3,3,17236579
Новая Москва,Силикатная,13,48.0,1,10000000
Новая Москва,Силикатная,33,34.7,1,8898503
ЮВАО,Текстильщики,11,33.0,1,11400000
ЮАО,ЗИЛ,11,67.9,2,31976190
СВАО,Ростокино,17,107.0,2,35487040
САО,Дмитровская,10,38.9,1,16684131
ЗАО,Говорово,8,46.0,1,13500000
Новая Москва,Саларьево,30,59.5,3,13958760
САО,Яхромская (2023),9,45.0,1,15000000
Новая Москва,Новомосковская (2024),33,24.2,1,8518197
ЮАО,Чертановская,14,50.0,0,9000000
СЗАО,Шелепиха,12,80.8,3,39236611
СВАО,Марьина Роща,6,38.4,1,15500000
ЮАО,Красный строитель,16,48.7,2,12877271
ЮВАО,Текстильщики,15,30.5,1,7425000
ЗАО,Фили,2,42.8,1,23153987
ЦАО,Римская,14,37.0,1,14500000
ЮЗАО,Новые Черёмушки,14,27.7,0,9830730
САО,ЦСКА,14,33.0,1,14200000
ЮАО,Автозаводская,25,57.5,2,27719014
САО,ЦСКА,14,33.0,1,14200000
ЮАО,Автозаводская,25,57.5,2,27719014
ЮВАО,Волгоградский проспект,9,69.1,3,20200000
Новая Москва,Новомосковская (2024),33,61.4,3,16655213
ЮАО,Пражская,22,45.1,2,10700000
Новая Москва,Саларьево,30,51.5,2,13610163
ЦАО,Серпуховская,10,54.1,1,38400000
Новая Москва,Новомосковская (2024),33,28.0,1,8885720
ЮВАО,Курьяново,8,53.5,2,14200000
САО,Водный стадион,5,66.8,2,18121603
САО,Динамо,8,72.4,0,34500000
Новая Москва,Саларьево,30,26.2,1,8376638
СВАО,Ботанический сад,10,112.4,3,35900000
СЗАО,Зорге,16,57.6,2,20914560
ЦАО,Международная,1,176.0,0,63745000
САО,Хорошёвская,10,52.5,2,16795406
ВАО,Перово,13,42.0,2,12600000
ЮАО,Верхние Котлы,17,60.0,2,25374984
ВАО,Лухмановская,19,51.1,2,14500000
СЗАО,Терехово,17,69.4,2,30369440
ЮЗАО,Новые Черёмушки,19,36.0,2,11000000
Новая Москва,Новомосковская (2024),33,34.3,1,9850806
ЮЗАО,Университет,12,79.9,3,26670000
ЮЗАО,Бунинская аллея,16,35.8,1,8080206
Новая Москва,Саларьево,15,51.4,2,13950000
ЮЗАО,Новые Черёмушки,14,67.9,2,20383580
ЮАО,Улица Академика Янгеля,6,37.9,1,12300000
ЮЗАО,Новые Черёмушки,14,47.1,2,15693720
САО,Дмитровская,3,89.3,4,33500000
САО,Дмитровская,10,58.8,2,24708907
САО,Яхромская (2023),21,35.0,1,10300000
Новая Москва,Тёплый Стан,38,53.1,2,13542740
СЗАО,Митино,9,54.0,2,14300000
ЮЗАО,Новые Черёмушки,14,110.1,4,33756660
СВАО,Ботанический сад,10,86.0,2,28980000
САО,Водный стадион,5,38.2,1,13016528
ЦАО,Серпуховская,10,110.2,3,63700000
СВАО,Марьина Роща,12,43.5,1,17488625
СЗАО,Волоколамская,13,39.0,1,11000000
Новая Москва,Саларьево,30,114.5,4,29938773
ЦАО,Шелепиха,9,82.0,3,37900000
Новая Москва,Новомосковская (2024),33,76.2,3,16503159
САО,Окружная,5,52.6,2,21500000
САО,Селигерская,10,72.0,2,26733976
ЦАО,Шелепиха,9,29.5,0,20000000
ЮЗАО,Бунинская аллея,16,56.5,3,12827880
САО,Селигерская,10,68.0,3,23000000
Новая Москва,Силикатная,29,54.0,2,14634432
СВАО,Бабушкинская,14,38.0,1,10200000
Новая Москва,Саларьево,40,71.9,2,13776601
Новая Москва,Коммунарка,33,27.0,0,8800000
СЗАО,Шелепиха,12,51.5,2,23706109
ЮЗАО,Университет,7,82.0,3,35000000
Новая Москва,Новомосковская (2024),33,28.9,1,9277562
ЦАО,Бауманская,13,30.1,1,12400000
ЗАО,Аминьевская,7,42.9,1,17116811
ЮВАО,Некрасовка,7,84.1,3,18800000
ЗАО,Фили,2,67.3,2,35742559
ЮАО,Покровское,12,32.6,1,8450000
ЦАО,Охотный Ряд,2,53.6,2,7493280
ЮВАО,Люблино,14,36.0,1,10500000
Новая Москва,Саларьево,30,74.2,3,17976731
ЗАО,Фили,5,72.0,3,33900000
ЦАО,Павелецкая,15,52.1,1,29376017
ЮАО,Кантемировская,14,32.4,1,10500000
СЗАО,Спартак,13,42.1,1,13549673
Новая Москва,Говорово,15,47.8,2,13700000
Новая Москва,Саларьево,40,43.7,1,9778407
Новая Москва,Говорово,9,75.0,2,19999000
Новая Москва,Румянцево,18,36.5,1,9294891
САО,Панфиловская,9,107.6,2,34500000
Новая Москва,Саларьево,30,37.0,2,11132697
ЮАО,Царицыно,10,21.1,1,7100000
Новая Москва,Саларьево,30,64.4,4,15134837
ЮАО,Москворечье,8,78.1,3,20500000
Новая Москва,Румянцево,16,54.1,2,10742503
ЮВАО,Текстильщики,18,42.3,1,12500000
САО,Водный стадион,5,84.9,3,21505867
ВАО,Щёлковская,24,43.0,2,9800000
Новая Москва,Саларьево,30,36.0,1,10228788
САО,Беломорская,7,73.0,4,29500000
Новая Москва,Саларьево,30,82.8,4,18105792
САО,Селигерская,8,52.0,1,16400000
Новая Москва,Саларьево,30,60.8,3,14442675
Зеленоград,Пятницкое шоссе,55,38.5,1,9380000
СВАО,Новодачная,9,34.8,2,9161992
САО,Беговая,5,95.0,3,36900000
Новая Москва,Румянцево,15,39.4,2,10639600
СЗАО,Планерная,21,39.0,1,9500000
Новая Москва,Новомосковская (2024),33,20.4,1,7254709
САО,Динамо,9,73.1,3,37000000
Новая Москва,Щербинка,46,35.2,2,8432141
ВАО,Черкизовская,21,25.9,1,8590000
Новая Москва,Саларьево,30,51.1,2,13746156
ВАО,Черкизовская,21,25.9,1,8990000
Новая Москва,Саларьево,30,22.6,1,8922359
СВАО,ВДНХ,16,57.1,2,15600000
Новая Москва,Рассказовка,19,27.6,0,7774082
Новая Москва,Румянцево,25,39.5,1,10200000
СЗАО,Шелепиха,12,68.7,3,29100353
ЗАО,Выставочная,9,65.0,3,28000000
Новая Москва,Рассказовка,25,87.4,3,17427372
ЮЗАО,Профсоюзная,15,56.0,2,16000000
ЮВАО,Угрешская,9,61.5,2,20485650
ЮАО,Улица Академика Янгеля,8,75.0,3,23200000
СВАО,Бутырская,14,37.3,1,22570000
ЮВАО,Марьино,7,101.0,4,25380000
ЗАО,Аминьевская,7,55.8,2,21461096
ЗАО,Молодёжная,15,44.3,1,14900000
ЗАО,Аминьевская,7,56.0,2,21446806
САО,Беломорская,18,30.7,1,9400000
СВАО,Фонвизинская,23,68.8,3,28875000
СВАО,Алтуфьево,20,54.0,2,14500000
СЗАО,Шелепиха,12,64.3,2,28686497
Новая Москва,Пыхтино (2023),20,64.0,3,10300000
СВАО,Бутырская,14,23.8,0,15380000
САО,Гражданская,8,154.0,3,43000000
Новая Москва,Солнцево,52,34.0,1,7659430
Зеленоград,Пятницкое шоссе,74,39.3,1,8800000
Новая Москва,Саларьево,32,31.6,0,6789007
САО,Дмитровская,4,65.5,2,28500000
Новая Москва,Саларьево,30,48.2,2,13620943
ЮЗАО,Тропарёво,7,52.9,2,18550000
ЮАО,Верхние Котлы,17,51.6,2,22971077
САО,Водный стадион,7,40.1,1,13950000
Новая Москва,Новомосковская (2024),33,55.1,3,14827446
САО,Речной вокзал,10,72.5,3,28000000
Новая Москва,Силикатная,33,30.6,1,8259644
Зеленоград,Пятницкое шоссе,72,43.0,1,9000000
САО,Дмитровская,10,40.0,1,19690929
ЦАО,Сухаревская,5,85.1,3,35500000
Новая Москва,Саларьево,30,20.9,1,7277526
ЮВАО,Курьяново,18,52.6,2,11950000
СВАО,Бутырская,14,68.7,2,33930000
СВАО,Бабушкинская,3,54.0,2,16480000
СЗАО,Терехово,17,73.4,2,35129240
ЮЗАО,Улица Скобелевская,14,20.0,0,8650000
СВАО,Алексеевская,6,79.0,2,31885444
САО,Ховрино,21,38.7,1,11700000
СВАО,Бутырская,14,39.6,1,19370000
ЗАО,Аминьевская,10,30.0,1,17500000
СВАО,Бутырская,14,38.5,1,19970000
ВАО,Соколиная Гора,11,25.8,1,10590000
ЮАО,ЗИЛ,20,39.6,1,17700606
СЗАО,Тушинская,18,44.2,2,12141000
ЮАО,ЗИЛ,19,75.1,2,28830890
ЗАО,Говорово,21,37.0,2,9200000
Новая Москва,Саларьево,69,31.9,0,7058661
САО,Дмитровская,3,90.8,4,36500000
СВАО,Бутырская,14,40.2,1,19950000
ЮЗАО,Академическая,8,36.5,1,17300000
Новая Москва,Солнцево,52,23.4,0,6624608
САО,Дмитровская,3,57.0,2,28000000
Новая Москва,Саларьево,30,78.7,4,16658272
ЦАО,Москва Товарная,3,50.0,2,18700000
Новая Москва,Саларьево,30,34.5,1,10431351
Новая Москва,Щербинка,17,96.0,3,15200000
ЮВАО,Кожуховская,13,36.3,2,13081334
ВАО,Черкизовская,16,44.6,2,12800000
Новая Москва,Силикатная,29,74.1,3,18588059
СЗАО,Митино,6,90.7,4,29666666
Новая Москва,Саларьево,30,40.7,2,11068569
ЮАО,Нагатинская,16,110.3,3,32500000
Новая Москва,Саларьево,32,94.3,3,15354621
ЮЗАО,Тропарёво,29,51.9,2,12900000
ЦАО,Красные Ворота,6,39.1,0,29731200
Новая Москва,Саларьево,58,54.9,2,8650000
СЗАО,Трикотажная,19,41.0,1,13320080
САО,Белорусская,8,42.6,2,16999990
Новая Москва,Новомосковская (2024),33,39.0,1,10151307
ВАО,Выхино,12,60.5,3,15000000
Новая Москва,Рассказовка,25,97.6,3,22617461
СВАО,Алексеевская,10,46.9,1,21000000
Новая Москва,Румянцево,16,38.3,1,9226483
ЮАО,Орехово,15,51.3,2,15700000
СВАО,Бутырская,14,62.1,2,37970000
Зеленоград,Ховрино,54,38.8,1,9500000
СЗАО,Стрешнево,11,60.3,3,20340336
ЮАО,Чертановская,11,31.6,1,8000000
ЮАО,Павелецкая,16,38.1,1,20515249
ЮАО,Чертановская,11,31.6,1,8000000
САО,Дмитровская,10,58.8,2,22531301
ЮАО,Варшавская (2022),17,42.2,2,15500000
СЗАО,Шелепиха,12,33.4,1,18283249
САО,Дмитровская,3,67.0,2,27000000
СВАО,Марьина Роща,12,85.5,3,29940141
ЮАО,Тульская,3,40.0,1,30000000
ВАО,Рижская,19,34.4,1,9809708
СВАО,Бутырская,20,16.0,0,4900000
ЗАО,Мичуринский проспект,10,75.2,2,34185920
ЦАО,Выставочная,5,217.0,3,95000000
Новая Москва,Рассказовка,23,67.9,2,13916382
Новая Москва,Новомосковская (2024),48,77.4,3,14000000
СВАО,Бутырская,14,61.5,2,33320000
Новая Москва,Саларьево,73,64.8,2,11500000
Новая Москва,Новомосковская (2024),33,35.4,2,9468122
ЮАО,Москворечье,4,73.8,3,20500000
САО,Дмитровская,10,57.9,2,22420275
ВАО,Бульвар Рокоссовского,15,43.7,2,11100000
САО,Водный стадион,5,45.9,2,15164045
Новая Москва,Новомосковская (2024),48,45.0,2,11000000
Новая Москва,Саларьево,30,49.5,2,12615521
ЗАО,Киевская,7,52.0,2,28500000
Новая Москва,Саларьево,30,80.3,4,19619670
СВАО,Дмитровская,19,45.9,1,18000000
Новая Москва,Октябрьская,6,68.4,2,26104312
ЦАО,Площадь Ильича,12,53.5,2,25000000
ЮВАО,Фили,6,90.7,3,36270930
ЗАО,Университет,10,71.0,2,32000000
СЗАО,Молодёжная,13,22.5,0,5156191
ЮЗАО,Ростокино,15,77.2,3,25850000
ЗАО,Бунинская аллея,16,70.2,2,24847241
СВАО,Пятницкое шоссе,73,105.0,2,34268862
ЮЗАО,Марьина Роща,12,66.9,3,14321074
Зеленоград,Бульвар Рокоссовского,18,36.1,1,8200000
СВАО,Румянцево,16,42.8,1,18848739
ВАО,Озёрная,15,35.0,1,11850000
Новая Москва,Щербинка,39,66.4,2,12227624
СВАО,Дегунино,14,45.8,2,10500000
ЮВАО,Некрасовка,16,90.5,3,17812482
САО,Хорошёвская,4,77.0,3,21500000
ЮАО,ЗИЛ,11,63.0,2,30739120
СЗАО,Шелепиха,17,60.0,2,33333333
Новая Москва,Саларьево,32,40.9,1,8238716
ЦАО,Проспект Мира,9,52.9,3,17000000
Новая Москва,Силикатная,35,36.6,1,8314723
ЮВАО,Текстильщики,18,44.0,1,12500000
ЮАО,ЗИЛ,24,66.9,2,30834210
ЮАО,Царицыно,13,39.3,2,12280000
Новая Москва,Щербинка,39,54.6,3,11284319
Зеленоград,Пятницкое шоссе,52,53.3,2,10980000
Новая Москва,Румянцево,15,39.4,2,10505146
ЮВАО,Угрешская,11,67.0,2,23500000
Новая Москва,Рассказовка,23,67.9,2,12166541
ЦАО,Улица 1905 года,2,71.1,3,31600000
Новая Москва,Саларьево,69,52.3,2,10232679
ЮАО,Чертановская,13,56.0,1,14500000
ЮЗАО,Бунинская аллея,16,58.1,3,13474697
САО,Селигерская,11,57.4,3,22000000
ЮВАО,Угрешская,9,71.9,3,23883310
САО,Аэропорт,11,77.2,3,32500000
Новая Москва,Щербинка,39,74.2,3,13803645
ЦАО,Серпуховская,10,132.0,4,86500000
СВАО,Владыкино,15,93.8,3,24704318
ЮАО,Кантемировская,28,44.0,2,10200000
ЮАО,Нагатинская,6,83.2,3,29905528
ЗАО,Раменки,10,78.2,2,35000000
Новая Москва,Новомосковская (2024),33,72.9,4,15601682
ЦАО,Тверская,7,70.0,2,36861565
ЮЗАО,Бунинская аллея,16,38.5,1,650000
Новая Москва,Саларьево,30,33.0,1,9450391
Новая Москва,Румянцево,18,36.2,1,10550000
ЮВАО,Угрешская,10,68.8,3,8848614
Новая Москва,Пыхтино (2023),78,25.0,0,20100000
САО,Речной вокзал,24,38.9,1,6762896
Новая Москва,Румянцево,15,43.6,2,11450000
ЮАО,Чертановская,13,56.0,1,11206987
СЗАО,Трикотажная,19,55.8,2,14500000
ЦАО,Проспект Мира,3,84.4,3,35700000
СЗАО,Трикотажная,19,55.8,2,17732012
СВАО,Фонвизинская,7,55.0,2,18500000
ЮАО,Нагатинская,21,34.6,1,18399065
СВАО,Дмитровская,11,58.0,2,19000000
Новая Москва,Саларьево,40,85.3,3,15644067
ЦАО,Шелепиха,7,80.0,3,37000000
СЗАО,Трикотажная,19,89.6,3,26933718
ЗАО,Аминьевская,10,65.0,2,23000000
СЗАО,Терехово,17,63.1,2,28357140
САО,Селигерская,11,68.0,3,23000000
СЗАО,Шелепиха,12,50.7,2,25206477
ВАО,Рязанский проспект,13,13.2,1,4370000
ЮЗАО,Новые Черёмушки,14,50.1,2,16553040
ЮАО,Варшавская (2022),20,46.0,2,16000000
ВАО,Рижская,19,34.4,1,9922060
ЮВАО,Кузьминки,17,54.0,2,16400000
ЮЗАО,Новые Черёмушки,14,27.5,0,9847750
Новая Москва,Новомосковская (2024),52,61.0,2,10500000
ЗАО,Ломоносовский проспект,6,107.3,3,38364042
Новая Москва,Тёплый Стан,32,33.3,1,8500000
ЗАО,Аминьевская,7,68.7,3,24648139
СЗАО,Трикотажная,12,74.7,3,15500000
ЗАО,Раменки,8,46.5,1,27526930
СВАО,Алексеевская,10,68.0,2,33999000
СЗАО,Терехово,17,47.8,1,28938120
САО,Гражданская,8,112.0,4,43900000
ЮАО,ЗИЛ,24,42.9,1,19957080
СЗАО,Народное Ополчение,11,41.4,2,13500000
Новая Москва,Саларьево,30,55.0,3,15786095
ВАО,Белокаменная,19,30.0,1,7700000
СЗАО,Речной вокзал,12,20.4,0,4564098
САО,Рассказовка,19,10.5,0,3725000
Новая Москва,Динамо,9,84.7,3,18111406
САО,Некрасовка,16,44.5,2,26969696
ЮВАО,Стахановская,13,79.7,3,16353165
ЮВАО,Зорге,15,56.0,2,18000000
САО,Улица Скобелевская,16,28.6,0,14185900
ЮЗАО,Трикотажная,19,44.3,1,12250000
ЮЗАО,Щербинка,22,36.6,1,8900000
СЗАО,Трикотажная,19,21.5,0,9747928
Новая Москва,Саларьево,64,36.7,1,8150000
САО,Зорге,15,28.6,0,14185900
ЮЗАО,Беляево,10,76.2,3,23000000
ЗАО,Фили,2,75.6,2,36841241
ЦАО,Краснопресненская,3,63.3,3,27700000
Новая Москва,Силикатная,30,34.8,1,8782824
СВАО,Медведково,18,75.8,3,23800000
СЗАО,Трикотажная,19,55.5,2,16623249
Новая Москва,Прокшино,78,62.0,4,12000000
СВАО,Марьина Роща,12,65.1,2,23697932
СЗАО,Шелепиха,19,31.5,0,13700000
Новая Москва,Новомосковская (2024),33,40.5,2,10636348
ЦАО,Смоленская,12,41.0,2,22500000
СЗАО,Терехово,17,42.3,1,26729370
СВАО,Окружная,8,19.0,1,5400000
СЗАО,Терехово,17,44.9,1,22894510
СЗАО,Тушинская,19,50.6,2,17900000
САО,Дмитровская,10,40.1,1,17173441
СЗАО,Тушинская,19,50.6,2,17900000
СЗАО,Алексеевская,8,22.5,0,5051593
СВАО,Водный стадион,5,68.0,2,25650000
САО,Саларьево,70,94.4,3,27231580
Новая Москва,Румянцево,17,52.6,2,11000000
Новая Москва,Марьино,8,23.2,0,8093654
ЮВАО,Мичуринский проспект,10,72.0,3,18400000
ЗАО,Достоевская,8,68.3,2,31069670
ЦАО,Саларьево,30,59.0,2,28900000
Новая Москва,Давыдково,21,51.0,2,15043827
ЗАО,Спартак,9,96.0,2,36300000
СЗАО,Бульвар Рокоссовского,18,46.6,1,20485095
ВАО,Зорге,16,54.5,2,22000000
СЗАО,Румянцево,25,57.6,2,20980800
Новая Москва,Дмитровская,10,38.2,1,10200000
САО,Павелецкая,9,63.3,2,21831233
ЦАО,Трикотажная,19,75.0,3,26700000
СЗАО,Курская,16,88.1,3,28910355
ЦАО,Саларьево,32,30.1,1,14800000
ВАО,Белокаменная,18,51.9,2,21000000
Новая Москва,Новомосковская (2024),33,39.7,1,10209360
САО,Хорошёво,8,87.1,3,27000000
ЮАО,ЗИЛ,19,69.6,2,24770640
САО,Лихоборы,12,60.2,3,13500000
СЗАО,Трикотажная,19,59.2,2,19818857
ВАО,Новогиреево,22,37.5,2,9400000
ЮЗАО,Бунинская аллея,16,45.4,2,11181942
Новая Москва,Румянцево,24,32.0,1,9000000
САО,Водный стадион,5,41.9,2,15680486
ЦАО,Фрунзенская,11,42.6,2,23000000
Новая Москва,Щербинка,46,38.2,2,8362448
ЮЗАО,Беляево,10,74.0,3,22600000
Новая Москва,Пыхтино (2023),69,52.4,3,11007166
ЗАО,Аминьевская,10,96.2,4,33600000
ЮВАО,Площадь Ильича,14,71.1,2,28690770
СВАО,Отрадное,20,40.5,2,13000000
ЗАО,Фили,2,64.7,2,29611378
ЮАО,Орехово,11,51.2,3,12500000
СВАО,Бибирево,23,22.6,0,5476460
Новая Москва,Новомосковская (2024),26,37.0,1,10300000
Новая Москва,Саларьево,30,75.6,3,16059859
САО,Динамо,10,51.0,2,29950000
САО,Дмитровская,10,85.5,3,30942849
Новая Москва,Рассказовка,9,89.0,3,22400000
ЮАО,Павелецкая,16,64.2,2,29147377
СВАО,Ростокино,17,143.0,3,35102195
СЗАО,Трикотажная,19,37.3,1,13122886
Новая Москва,Саларьево,29,40.0,1,10000000
СВАО,Бутырская,14,59.6,2,31770000
ЮАО,Автозаводская,7,77.0,3,22500000
ЮАО,ЗИЛ,11,45.7,1,20935180
ЮАО,Нагорная,11,38.7,2,14999000
САО,Дмитровская,10,37.8,1,18929993
ВАО,Щёлковская,28,35.1,1,8900000
ЗАО,Лужники,28,62.5,1,37588465
САО,Красный Балтиец,14,45.0,2,12450000
СЗАО,Терехово,17,45.0,1,24930000
СВАО,Медведково,26,32.6,1,9500000
Новая Москва,Новомосковская (2024),33,60.4,3,13494856
ЦАО,Проспект Мира,8,49.6,3,18000000
Новая Москва,Новомосковская (2024),33,60.4,3,13494856
ЦАО,Шелепиха,7,113.5,3,38500000
Новая Москва,Новомосковская (2024),33,55.1,3,15009644
ВАО,Семёновская,7,56.0,3,18900000
ЮЗАО,Воронцовская,15,63.5,2,24394191
Зеленоград,Пятницкое шоссе,60,50.5,2,9500000
СВАО,Фонвизинская,23,66.9,3,29226560
СВАО,Фонвизинская,17,75.0,3,22499999
Новая Москва,Саларьево,34,66.0,2,11525976
ЗАО,Молодёжная,7,70.0,3,19000000
Новая Москва,Саларьево,30,75.9,3,15982946
САО,Коптево,12,71.6,3,14500000
САО,Дмитровская,10,38.8,1,19269533
ЗАО,Фили,10,75.7,2,30969696
СВАО,Марьина Роща,12,43.5,1,18935540
Новая Москва,Рассказовка,17,83.8,3,18950000
САО,Хорошёвская,10,36.7,1,13433485
СВАО,Свиблово,4,90.5,3,35000000
Новая Москва,Саларьево,65,37.2,1,10381840
СВАО,Алексеевская,8,64.0,2,38000000
ЮЗАО,Новые Черёмушки,14,52.7,1,17802060
ЗАО,Киевская,10,64.0,2,29500000
СЗАО,Шелепиха,12,40.0,2,22648376
ЮВАО,Лефортово,11,71.7,3,24000000
Новая Москва,Тёплый Стан,38,65.6,4,15211674
ЦАО,Серпуховская,9,46.1,2,18300000
Новая Москва,Саларьево,30,39.6,2,12173515
СВАО,Алексеевская,12,54.0,1,20000000
Новая Москва,Тёплый Стан,38,35.4,1,10475326
ЮАО,ЗИЛ,13,27.3,0,18000000
СЗАО,Шелепиха,12,83.4,3,36817104
Новая Москва,Ясенево,55,35.7,1,9200000
Новая Москва,Рассказовка,19,64.5,2,13620254
СВАО,Ростокино,15,135.0,2,36347878
ЮАО,ЗИЛ,11,62.3,2,27505450
ЦАО,Полянка,6,172.0,3,311000000
Новая Москва,Тёплый Стан,38,21.2,1,7306728
Зеленоград,Пятницкое шоссе,60,50.5,2,10900000
СВАО,Владыкино,15,41.6,2,12039040
ЗАО,Фили,6,63.9,2,30600000
СВАО,Алексеевская,8,101.3,3,44655544
ЮЗАО,Нахимовский проспект,5,111.9,5,39990000
САО,Водный стадион,5,84.9,3,25186423
САО,Динамо,10,63.0,3,36000000
Новая Москва,Саларьево,40,58.1,2,12485183
СЗАО,Сходненская,7,76.3,3,22300000
Новая Москва,Саларьево,30,22.6,1,7491561
САО,Динамо,9,38.6,2,26200000
ЮЗАО,Новые Черёмушки,14,32.0,0,12000000
СВАО,Медведково,18,57.0,2,16600000
ЮЗАО,Бунинская аллея,16,28.4,1,8833391
ЗАО,Фили,7,47.0,1,22999999
Новая Москва,Саларьево,30,78.7,4,17324074
ЗАО,Аминьевская,10,32.9,1,16750000
Новая Москва,Щербинка,39,26.0,0,6776883
СЗАО,Строгино,16,37.9,1,17340000
ЮВАО,Авиамоторная,15,33.8,1,12377560
САО,Савёловская,12,42.0,2,13990000
ЮАО,Верхние Котлы,17,59.9,2,25223632
САО,Лихоборы,19,42.0,2,11999000
СЗАО,Спартак,9,84.4,3,28631872
ЮВАО,Дубровка,4,71.8,3,20450000
Новая Москва,Саларьево,30,40.2,2,11944023
САО,Гражданская,8,107.0,3,38500000
Новая Москва,Щербинка,39,45.1,2,9455605
ВАО,Белокаменная,24,38.4,1,10500000
Новая Москва,Саларьево,30,61.3,3,15774574
Новая Москва,Саларьево,56,62.0,3,10700000
ЗАО,Аминьевская,13,52.9,2,23372714
СВАО,Бабушкинская,24,34.9,1,9570000
ЮЗАО,Воронцовская,15,46.1,2,26262082
СВАО,Бабушкинская,18,43.0,1,14150000
Новая Москва,Фили,6,47.3,1,17071799
ЗАО,Кожуховская,13,76.3,2,31000000
ЮВАО,Сокольники,14,33.9,1,12326901
ВАО,Саларьево,30,35.0,1,12850000
Новая Москва,Кропоткинская,10,64.5,3,16495230
ЦАО,Саларьево,30,143.0,4,120000000
ЮЗАО,Академическая,14,35.1,1,13500000
Новая Москва,Саларьево,30,40.0,2,10770440
ЮВАО,Угрешская,10,55.0,2,18500000
ЮЗАО,Бунинская аллея,16,26.5,1,7039129
ЮЗАО,Улица Скобелевская,14,95.0,3,22300000
СЗАО,Трикотажная,19,65.3,2,25661715
Новая Москва,Саларьево,56,43.8,2,9000000
ЗАО,Фили,2,88.7,3,44209854
САО,Лианозово (2023),16,50.0,2,15200000
Новая Москва,Солнцево,61,40.7,1,5779400
САО,Красный Балтиец,11,38.0,1,14000000
СЗАО,Щукинская,13,45.1,2,13420655
ЮЗАО,Зюзино,13,56.8,2,19500000
ЗАО,Фили,2,48.7,1,29141252
Новая Москва,Новомосковская (2024),24,82.0,3,15400000
Новая Москва,Тёплый Стан,38,66.1,4,15938561
Новая Москва,Саларьево,31,36.0,1,9800000
ЮАО,Красный строитель,16,38.1,1,9498330
ВАО,Рязанский проспект,13,12.2,1,4190000
ЮАО,Нагатинская,21,31.4,1,16500035
ЗАО,Новопеределкино,5,72.0,3,26990000
САО,Белорусская,4,53.1,1,36199999
САО,Динамо,9,68.0,2,27000000
Новая Москва,Новомосковская (2024),33,39.9,1,9940621
САО,Селигерская,11,51.0,2,17000000
Новая Москва,Тёплый Стан,38,62.2,3,15312140
ЗАО,Солнцево,13,76.6,3,24000000
Новая Москва,Солнцево,52,36.1,1,7883893
ВАО,Черкизовская,21,40.0,1,12700000
Новая Москва,Щербинка,39,38.3,2,9018638
ЗАО,Аминьевская,10,66.0,2,25000000
Новая Москва,Саларьево,30,74.5,3,15450555
Новая Москва,Тёплый Стан,43,38.9,1,11400000
Новая Москва,Саларьево,30,59.5,3,14194082
Зеленоград,Пятницкое шоссе,49,40.5,1,9300000
СЗАО,Терехово,17,70.8,2,32199840
ЦАО,Баррикадная,9,38.0,1,25000000
СЗАО,Трикотажная,19,55.0,2,18540500
СЗАО,Народное Ополчение,4,100.0,3,30999000
Новая Москва,Саларьево,30,47.5,2,12492629
ЗАО,Фили,21,35.9,1,12500000
СЗАО,Трикотажная,19,40.4,1,14819528
САО,Динамо,9,58.4,2,32400000
СЗАО,Шелепиха,12,78.7,3,38313821
ЗАО,Сетунь,14,50.9,2,16500000
САО,Зорге,15,35.6,1,19073500
САО,Селигерская,31,55.0,2,15500000
СЗАО,Трикотажная,19,27.9,0,11760057
ЮАО,Красный строитель,12,59.7,3,13700000
Новая Москва,Щербинка,42,75.0,4,12849593
ВАО,Измайловская,15,100.1,4,24500000
ВАО,Рижская,19,29.3,0,8966038
СЗАО,Октябрьское Поле,17,91.0,3,31600000
ЗАО,Молодёжная,13,70.2,2,22759354
САО,Яхромская (2023),5,63.6,2,18400000
ЮЗАО,Бунинская аллея,16,51.6,2,11731377
Новая Москва,Саларьево,20,33.3,1,8950000
ЮВАО,Кожуховская,13,32.9,1,12935874
САО,ЦСКА,14,33.0,1,15900000
СВАО,Фонвизинская,21,42.7,1,17273250
Новая Москва,Саларьево,32,29.0,0,9100000
САО,Дмитровская,10,31.9,1,16435900
ВАО,Новогиреево,29,34.7,1,8318000
ЮАО,ЗИЛ,19,76.3,2,27933430
СВАО,Бутырская,20,20.0,0,5900000
Новая Москва,Новомосковская (2024),33,38.8,2,10200397
САО,Гражданская,11,94.4,2,30900000
ЮЗАО,Бунинская аллея,16,101.3,3,21339478
САО,Селигерская,8,53.0,2,22000000
СВАО,Алексеевская,8,116.3,4,65111209
ЗАО,Фили,19,44.0,1,16700000
ЗАО,Молодёжная,13,40.1,1,17678459
ЗАО,Крылатское,10,64.0,2,25500000
Новая Москва,Саларьево,65,31.4,1,7416076
Новая Москва,Бунинская аллея,22,58.1,2,13950000
ЮВАО,Угрешская,9,42.8,1,15980578
Новая Москва,Новомосковская (2024),27,50.0,1,11400000
Новая Москва,Рассказовка,16,26.8,0,8729924
САО,Беломорская,42,37.0,1,9500000
Новая Москва,Новомосковская (2024),33,56.9,2,14598328
Новая Москва,Саларьево,17,41.0,1,9500000
ЮАО,ЗИЛ,11,63.0,2,31327575
СВАО,Фонвизинская,2,81.4,3,25800000
ЮЗАО,Новые Черёмушки,14,50.5,2,17877000
Новая Москва,Новомосковская (2024),28,34.0,2,11200000
Новая Москва,Саларьево,30,52.7,3,13687191
ЮЗАО,Беляево,20,38.0,2,12200000
Новая Москва,Саларьево,30,23.4,1,8763253
ЦАО,Улица 1905 года,6,81.0,3,23100000
ЮЗАО,Бунинская аллея,16,40.7,2,10100646
САО,Гражданская,11,70.0,2,25500000
ЮЗАО,Новые Черёмушки,14,31.2,0,11116560
ЮАО,Варшавская (2022),8,67.0,2,24400000
Новая Москва,Саларьево,30,62.1,3,15177861
Новая Москва,Саларьево,25,26.0,1,9400000
ЮЗАО,Новые Черёмушки,14,59.0,3,18496500
САО,Хорошёвская,14,72.9,2,33000000
СЗАО,Шелепиха,12,41.2,2,23475332
СВАО,Алексеевская,10,42.3,1,20500000
САО,Дмитровская,10,32.1,1,17019933
ЦАО,Улица 1905 года,8,100.0,4,39697070
СЗАО,Зорге,16,37.7,1,700000
СЗАО,Народное Ополчение,17,54.6,3,14539005
ЗАО,Кунцевская,8,88.3,3,16900000
СЗАО,Планерная,17,35.0,1,26931500
ЗАО,Кунцевская,8,65.6,2,12450000
САО,Гражданская,11,120.0,4,20664000
ЮАО,Автозаводская,25,68.8,2,50000000
ЗАО,Фили,19,80.0,3,34702760
Новая Москва,Аминьевская,10,78.8,2,35000000
ЗАО,Бунинская аллея,16,38.0,1,31386197
ЮЗАО,Дмитровская,14,39.1,1,17000000
СВАО,Тёплый Стан,38,40.0,2,9737827
Новая Москва,Тропарёво,17,75.6,3,17900000
ЗАО,Спартак,9,64.5,3,16825336
СЗАО,Саларьево,61,56.8,2,20000000
Новая Москва,Кожуховская,13,38.3,1,21012552
ЮВАО,Текстильщики,15,23.3,1,9200000
ЮВАО,Водный стадион,5,16.5,0,10311727
ЮВАО,Авиамоторная,12,70.0,2,25300000
Новая Москва,Саларьево,65,41.7,1,10698320
САО,Динамо,9,75.3,3,29900000
ЗАО,Озёрная,20,45.0,2,20616177
Зеленоград,Пятницкое шоссе,50,41.7,1,9820000
СЗАО,Шелепиха,12,70.6,3,38752946
ВАО,Измайловская,20,24.0,1,7950000
СЗАО,Трикотажная,19,47.7,1,17132357
ЗАО,Юго-Западная,13,52.0,2,29500000
ЗАО,Мичуринский проспект,10,47.7,1,23892930
СВАО,Алтуфьево,6,100.0,4,28000000
Новая Москва,Саларьево,32,75.2,3,11896656
ЗАО,Ломоносовский проспект,18,138.0,3,64000000
ЮАО,ЗИЛ,24,66.9,2,26933940
ЗАО,Проспект Вернадского,11,131.0,5,38500000
ЮВАО,Площадь Ильича,14,37.7,1,15423070
ЗАО,Рабочий посёлок,19,35.0,1,16500000
СЗАО,Терехово,17,63.4,2,34578360
ВАО,Щёлковская,28,52.9,2,13900000
Новая Москва,Румянцево,16,66.4,2,12097042
Новая Москва,Новомосковская (2024),51,38.1,1,7800000
Новая Москва,Солнцево,61,41.2,1,5850400
СЗАО,Шелепиха,17,35.1,0,16600000
СЗАО,Люблино,13,46.6,2,8801084
ЮВАО,Бунинская аллея,16,57.7,3,12900000
ЮЗАО,Курская,2,55.9,2,11777214
ЦАО,Молодёжная,13,42.9,1,17000000
ЗАО,Баррикадная,7,70.2,2,20947329
ЦАО,Терехово,17,58.8,2,27100000
СЗАО,Динамо,10,74.9,2,37682190
САО,Савёловская,13,63.6,3,36000000
СЗАО,Бутырская,14,20.4,0,4777010
САО,Курская,4,27.0,1,18499999
СВАО,Селигерская,10,39.6,1,19370000
ЦАО,Водный стадион,11,43.0,2,16990000
САО,Шелепиха,12,59.3,2,25275291
САО,Ясенево,22,43.0,2,18550000
СЗАО,Павелецкая,4,87.5,4,34177794
СВАО,Окружная,8,19.0,1,5400000
ЮАО,Красный строитель,16,50.5,2,14782335
ЮВАО,Выхино,12,57.9,3,14700000
Новая Москва,Рассказовка,25,69.9,2,14490949
Зеленоград,Пятницкое шоссе,50,44.6,2,9500000
Новая Москва,Саларьево,30,72.4,4,15742873
САО,Динамо,10,74.0,2,36600000
ЗАО,Фили,2,90.1,3,45151002
ЗАО,Парк Победы,7,69.2,3,32500000
Новая Москва,Саларьево,65,38.2,1,10934200
САО,ЦСКА,14,33.0,1,15450000
ЮАО,Нагатинская,21,55.0,2,22230621
Зеленоград,Волоколамская,76,41.6,1,12400000
СЗАО,Шелепиха,12,17.3,1,13664719
ЗАО,Солнцево,20,75.1,3,17900000
ЮАО,ЗИЛ,20,29.9,0,14429056
ЮВАО,Люблино,14,32.1,1,12499000
ЮЗАО,Бунинская аллея,16,24.2,1,6573159
городской округ Солнечногорск,Пятницкое шоссе,50,62.5,3,9000000
ЮЗАО,Бунинская аллея,16,38.0,1,9884192
САО,Хорошёвская,14,44.7,1,20000000
ЮЗАО,Бунинская аллея,16,75.4,3,17898202
САО,Гражданская,11,120.0,4,50000000
ЗАО,Аминьевская,7,108.1,4,37508678
СЗАО,Спартак,11,69.2,2,23800000
СЗАО,Трикотажная,19,67.3,2,20587088
САО,Хорошёвская,14,58.3,2,29500000
ЮЗАО,Калужская,10,59.3,2,21946930
ВАО,Шоссе Энтузиастов,10,70.0,2,27990000
СЗАО,Трикотажная,19,28.6,0,11591094
ЮЗАО,Университет,12,65.5,3,31600000
Новая Москва,Саларьево,30,52.5,3,14644684
СВАО,Алтуфьево,22,36.5,1,9900000
ЮЗАО,Бунинская аллея,16,35.8,1,8472535
ВАО,Измайловская,20,24.0,1,7950000
ЮАО,Красный строитель,16,25.5,0,8141558
Зеленоград,Пятницкое шоссе,54,38.0,1,8400000
ЮВАО,Кожуховская,13,33.7,1,12291463
СЗАО,Шелепиха,21,36.0,1,13350000
ЮЗАО,Бунинская аллея,16,80.1,4,17002126
ЦАО,Улица 1905 года,13,50.0,2,35000000
ЮЗАО,Бунинская аллея,16,38.0,1,9472509
ЮЗАО,Проспект Вернадского,11,60.0,2,24500000
Новая Москва,Новомосковская (2024),33,54.9,2,13542584
ЮВАО,Волжская,12,14.0,0,6600000
Новая Москва,Силикатная,32,36.9,2,5924310
ВАО,Черкизовская,22,42.0,1,14400000
Новая Москва,Силикатная,35,33.5,2,8017257
ЦАО,Выставочная,14,87.5,3,77900000
САО,Дмитровская,10,27.4,0,14535877
САО,Панфиловская,9,107.6,2,34500000
ЮЗАО,Новые Черёмушки,14,70.6,2,21278840
Новая Москва,Румянцево,16,70.0,3,10500000
Новая Москва,Фили,18,66.5,2,12740825
ЗАО,Нагатинская,21,75.0,2,31000000
ЮАО,Саларьево,40,29.9,1,14339434
Новая Москва,Проспект Вернадского,15,87.8,3,10300000
Новая Москва,Бунинская аллея,16,37.5,1,8814952
СЗАО,Народное Ополчение,27,46.0,2,18500000
СЗАО,Спартак,9,24.5,0,13645380
Зеленоград,Пятницкое шоссе,39,59.0,2,13500000
СЗАО,Стрешнево,14,66.8,2,28590400
ЦАО,Красные Ворота,12,37.7,2,23000000
ЗАО,Аминьевская,7,107.8,4,33888577
СЗАО,Спартак,9,67.5,2,25900000
Новая Москва,Тёплый Стан,38,49.1,2,12806886
ЗАО,Фили,4,65.0,3,36999969
Новая Москва,Румянцево,18,40.3,1,9017564
ЗАО,Сетунь,27,49.6,2,12200000
САО,Дмитровская,10,26.6,0,14084408
ВАО,Бульвар Рокоссовского,18,53.6,2,17989000
ЮВАО,Угрешская,12,45.6,1,15339429
Зеленоград,Пятницкое шоссе,60,38.6,1,9000000
Новая Москва,Саларьево,30,49.8,2,13811432
ЮВАО,Выхино,27,37.8,1,8950000
Новая Москва,Саларьево,30,48.2,2,13159043
САО,Водный стадион,14,40.3,2,18999999
САО,Белорусская,4,96.5,3,67519999
ЦАО,Кропоткинская,10,80.0,3,39000000
ЗАО,Мичуринский проспект,10,79.2,2,33762960
САО,Красный Балтиец,14,44.0,2,12200000
ЗАО,Раменки,8,100.2,3,52309510
СВАО,Фонвизинская,7,82.0,3,25999999
СЗАО,Трикотажная,19,73.7,3,24741579
СЗАО,Тушинская,11,99.0,3,24000000
Новая Москва,Саларьево,30,64.4,3,13988710
ЗАО,Фили,19,61.0,3,19150000
СВАО,Алексеевская,8,75.5,2,40867864
Новая Москва,Говорово,11,75.0,2,24000000
ЮАО,ЗИЛ,20,91.3,3,29450049
ЗАО,Давыдково,25,44.9,2,12600000
ЮАО,ЗИЛ,24,73.3,2,28117880
Новая Москва,Саларьево,54,42.5,1,11350000
ЦАО,Охотный Ряд,2,35.4,1,5426820
ЮАО,Орехово,12,51.1,3,15200000
ЮАО,Красный строитель,16,80.5,3,17709268
ЮАО,Шаболовская,12,87.0,0,47000000
ЮЗАО,Новые Черёмушки,14,70.4,3,21338240
ВАО,Сокольники,18,74.0,3,23600000
Новая Москва,Саларьево,69,118.1,6,18006728
ЗАО,Фили,19,59.0,2,26000000
ЮАО,Варшавская (2022),8,72.1,3,20326800
ЦАО,Шелепиха,7,42.0,1,38000000
Новая Москва,Саларьево,30,76.0,3,17662704
ЦАО,Улица 1905 года,13,66.0,2,38500000
Новая Москва,Тёплый Стан,38,92.1,3,19964739
ЮАО,Покровское,27,50.0,1,13500000
Новая Москва,Саларьево,55,89.7,3,10407443
Новая Москва,Нагатинская,5,74.2,3,13000000
ЮАО,Беломорская,24,41.1,1,15068452
САО,Фили,7,50.0,3,12700000
ЗАО,Гражданская,8,40.6,1,22433935
САО,Бутырская,14,100.0,3,34990000
СВАО,Варшавская (2022),9,62.5,2,33600000
ЮАО,Саларьево,30,61.7,3,25500000
Новая Москва,Шелепиха,17,74.9,2,19579165
СЗАО,Москворечье,22,91.0,3,32900000
САО,Динамо,9,67.5,2,28500000
Новая Москва,Новомосковская (2024),33,51.6,2,12502051
ЮВАО,Стахановская,13,62.6,2,20700000
Новая Москва,Рассказовка,25,40.5,1,10997815
ЗАО,Багратионовская,13,64.0,2,22500000
СВАО,Марьина Роща,12,85.2,3,32201820
ЗАО,Ломоносовский проспект,18,75.0,2,34900000
СЗАО,Трикотажная,19,55.7,2,17198934
СЗАО,Зорге,14,120.0,3,35500000
ЮЗАО,Бунинская аллея,16,23.1,1,7475464
ЮАО,Кленовый бульвар (2022),20,53.7,2,15200000
ЮЗАО,Новые Черёмушки,14,45.2,1,15820000
САО,Динамо,7,39.0,1,26000000
САО,Зорге,15,64.5,3,28782200
САО,Петровский парк,13,84.0,2,33000000
СВАО,Алексеевская,6,63.2,2,33406085
ЮЗАО,Беляево,12,73.2,3,25000000
Новая Москва,Новомосковская (2024),33,33.8,1,9127238
ЮЗАО,Улица Скобелевская,14,64.4,2,15100000
СЗАО,Терехово,17,28.6,0,18058040
СЗАО,Шелепиха,21,70.0,2,29000000
Новая Москва,Саларьево,65,59.3,2,17515600
Новая Москва,Солнцево,40,41.7,1,9100000
ЮВАО,Авиамоторная,15,36.2,1,12139960
СВАО,Тимирязевская,12,53.2,2,14900000
Новая Москва,Саларьево,30,51.1,2,15160195
САО,Водный стадион,15,51.4,2,16500000
ЮАО,Варшавская (2022),8,108.5,4,32589559
Зеленоград,Пятницкое шоссе,45,61.0,2,12999000
ЗАО,Раменки,8,86.9,2,44616980
ВАО,Бульвар Рокоссовского,18,67.5,3,14300000
САО,Водный стадион,5,59.3,2,17689795
ЗАО,Рабочий посёлок,13,103.0,3,38000000
Новая Москва,Саларьево,40,47.7,1,9957730
СВАО,Ростокино,21,56.8,2,14500000
Новая Москва,Саларьево,30,42.1,2,10751919
ЦАО,Достоевская,9,73.0,3,35999000
САО,Водный стадион,5,94.4,3,27810303
САО,Сокол,12,180.0,4,119091210
ЮАО,Верхние Котлы,17,83.2,3,2100000
САО,Яхромская (2023),11,42.0,1,15500000
СЗАО,Трикотажная,19,89.8,3,27820214
ВАО,Новогиреево,29,65.1,3,14500000
Новая Москва,Рассказовка,23,74.5,2,14777511
САО,Гражданская,11,69.0,2,27500000
СЗАО,Спартак,13,40.2,1,11869773
ЦАО,Белорусская,7,64.0,3,35000000
Новая Москва,Саларьево,40,43.7,1,9550198
ЦАО,Марксистская,14,38.0,2,17500000
Новая Москва,Саларьево,30,38.0,2,10892320
Новая Москва,Новомосковская (2024),19,69.0,2,14900000
Новая Москва,Саларьево,30,54.9,3,15397024
Новая Москва,Новомосковская (2024),48,38.0,2,10799000
СВАО,Фонвизинская,23,23.8,0,10766640
СЗАО,Октябрьское Поле,14,114.0,3,32850000
Новая Москва,Саларьево,30,38.0,2,11659654
ВАО,Щёлковская,24,43.0,2,9800000
ЮЗАО,Бунинская аллея,16,83.7,4,16298681
ЮАО,Тульская,11,30.4,1,12550000
ЮЗАО,Бунинская аллея,16,23.6,1,7390945
ЮВАО,Братиславская,32,76.5,3,14800000
ЗАО,Лужники,28,44.6,1,25742428
ЗАО,Фили,7,62.0,2,25900000
Новая Москва,Рассказовка,19,43.1,1,9915229
ЮЗАО,Битцевский парк,15,66.3,3,21750000
ЗАО,Озёрная,21,73.3,3,26480886
САО,Гражданская,11,120.0,4,50000000
СЗАО,Спартак,13,37.1,1,13022826
Новая Москва,Тёплый Стан,41,61.9,2,14200000
ЗАО,Аминьевская,13,100.8,4,39714892
ЮЗАО,Крымская,16,34.9,1,14600000
Новая Москва,Пыхтино (2023),69,38.8,2,8349873
ЗАО,Фили,19,48.0,2,24000000
ЗАО,Молодёжная,13,53.1,2,21192032
ЮЗАО,Новаторская,16,46.3,2,15800000
Новая Москва,Саларьево,30,85.4,4,17043790
ЮВАО,Некрасовка,16,58.1,2,12800000
Новая Москва,Саларьево,40,58.1,2,12056280
ЗАО,Озёрная,18,49.0,2,16500000
Новая Москва,Саларьево,30,35.7,1,10612218
Новая Москва,Новомосковская (2024),30,36.0,2,9600000
СЗАО,Терехово,17,73.4,2,34688840
СВАО,Алексеевская,7,65.0,3,32999999
Новая Москва,Новомосковская (2024),33,41.0,2,10769565
ЦАО,Рижская,6,108.0,3,35100000
ЮЗАО,Воронцовская,15,78.2,3,39322296
Зеленоград,Ховрино,45,38.0,2,8999000
Новая Москва,Саларьево,30,52.0,2,14932788
ЗАО,Рабочий посёлок,13,73.1,3,19990000
Новая Москва,Силикатная,35,36.9,1,8255606
ВАО,Преображенская площадь,8,49.1,0,29000000
ЮЗАО,Бунинская аллея,16,46.8,2,11814870
ВАО,Щёлковская,25,35.4,1,8500000
ЗАО,Фили,2,65.3,2,35215049
Новая Москва,Новомосковская (2024),33,44.0,2,12500000
Новая Москва,Саларьево,30,51.6,2,13659346
ЦАО,Красносельская,2,83.7,4,25400000
Новая Москва,Саларьево,32,32.3,0,6761568
ЗАО,Озёрная,17,54.0,2,16950000
ЮАО,ЗИЛ,20,99.7,3,35322575
ЮВАО,Люблино,22,54.0,2,13299999
Новая Москва,Тёплый Стан,38,46.8,1,12294300
ЦАО,Улица 1905 года,13,124.0,3,75000000
ЗАО,Парк Победы,10,57.3,2,32621881
СЗАО,Тушинская,11,40.5,2,13000000
ЦАО,Полянка,7,199.3,4,535000000
САО,Гражданская,11,67.0,2,39990000
ЮЗАО,Новые Черёмушки,14,43.3,1,14250030
ВАО,Первомайская,24,51.5,3,13300000
СЗАО,Шелепиха,12,33.9,1,21557922
СЗАО,Народное Ополчение,13,45.0,2,13300000
СВАО,Фонвизинская,21,88.2,3,36178400
ЮАО,Каширская,22,31.0,1,11000000
Новая Москва,Саларьево,30,80.4,4,19150573
ЗАО,Озёрная,14,63.9,3,18850000
ЮВАО,Кожуховская,13,33.7,1,12796911
САО,Динамо,9,70.0,3,26696696
Новая Москва,Румянцево,18,34.2,1,8797410
САО,Водный стадион,11,64.0,2,26000000
СЗАО,Спартак,13,44.1,1,13835471
САО,Аэропорт,11,69.1,3,22000000
ЮВАО,Площадь Ильича,14,45.2,1,18301480
ЗАО,Кутузовская,4,82.3,3,33500000
Новая Москва,Силикатная,35,53.1,3,11421116
ЮЗАО,Чертановская,6,72.8,3,25950000
Новая Москва,Саларьево,30,90.0,4,22958735
САО,Водный стадион,26,45.0,2,11999000
ЗАО,Ломоносовский проспект,6,53.8,1,22774347
СВАО,Отрадное,26,52.0,2,17000000
ЮАО,Красный строитель,16,86.5,3,20464563
СЗАО,Октябрьское Поле,23,38.8,1,11900000
СЗАО,Шелепиха,12,46.1,2,25709797
Зеленоград,Пятницкое шоссе,78,45.8,2,10900000
Новая Москва,Саларьево,30,39.1,2,11134703
СВАО,Дмитровская,12,68.0,2,32000000
ЗАО,Аминьевская,7,108.1,4,34932749
ЗАО,Рабочий посёлок,20,37.8,2,21200000
СЗАО,Молодёжная,44,22.5,0,5004631
ЗАО,ЗИЛ,19,39.4,1,9490000
САО,Хорошёвская,12,46.5,1,28000000
САО,Дмитровская,10,37.5,1,15835428
Новая Москва,Новомосковская (2024),21,51.1,2,11900000
ЮАО,Нагатинская,21,20.9,1,11791812
САО,Хорошёвская,12,45.0,1,27900000
ЮАО,ЗИЛ,11,62.5,2,31296265
СВАО,Алексеевская,12,35.0,1,14200000
ЗАО,Аминьевская,15,111.4,4,37470546
ЮАО,Пражская,16,80.0,4,18700000
ЗАО,Ломоносовский проспект,6,78.8,2,28686667
ВАО,Черкизовская,22,32.0,1,9000000
ЗАО,Аминьевская,13,60.1,3,22629491
Новая Москва,Саларьево,61,43.0,1,10700000
Новая Москва,Саларьево,30,38.1,2,11445735
ЗАО,Рабочий посёлок,20,37.0,1,14500000
Новая Москва,Саларьево,30,22.6,1,8437423
ЗАО,Раменки,15,82.3,2,37500000
СЗАО,Трикотажная,19,21.9,0,9720446
СВАО,Медведково,25,37.3,1,10300000
Новая Москва,Саларьево,32,58.7,2,10337445
Новая Москва,Тёплый Стан,33,36.0,0,9000000
ЗАО,Лужники,28,46.6,1,27068052
САО,Гражданская,11,70.0,2,25500000
ЮЗАО,Бунинская аллея,16,77.1,4,15692476
Новая Москва,Тёплый Стан,41,40.0,1,11200000
Новая Москва,Саларьево,30,41.4,2,10429033
СВАО,Алексеевская,12,64.2,2,30000000
Новая Москва,Новомосковская (2024),33,56.8,2,18824248
Новая Москва,Говорово,15,70.0,2,18884464
ЮАО,Красный строитель,16,23.8,0,333000
Новая Москва,Саларьево,65,34.2,1,8591593
ЮАО,ЗИЛ,20,87.3,3,8800000
Новая Москва,Саларьево,15,92.0,3,31898305
СЗАО,Терехово,17,71.9,2,18900000
Новая Москва,Раменки,8,68.0,2,35906860
ЗАО,Саларьево,20,62.3,2,8500000
Новая Москва,Силикатная,35,61.0,3,33349999
Новая Москва,Беляево,12,37.2,1,14000000
ЮЗАО,Саларьево,30,61.9,4,8758472
ЗАО,Павшино,45,60.0,2,16000000
Новая Москва,Саларьево,30,37.2,2,11957395
Зеленоград,Пятницкое шоссе,48,54.0,2,11550000
СЗАО,Аминьевская,5,22.3,0,4864615
ЗАО,Белорусская,4,100.0,3,39500000
САО,Шаболовская,16,78.7,2,46049999
ЮАО,Саларьево,40,30.0,1,17300000
Новая Москва,Хорошёвская,12,40.4,1,9073899
САО,Водный стадион,5,46.4,1,23500000
САО,Красные Ворота,12,65.2,2,19327379
ЦАО,Площадь Ильича,14,37.7,2,23000000
ЮВАО,Шаболовская,16,71.7,2,23911950
ЮАО,Октябрьское Поле,18,49.0,2,19999000
СЗАО,Варшавская (2022),15,29.8,0,12796120
ЮАО,Варшавская (2022),8,41.0,1,16500000
ЮАО,Саларьево,35,66.0,2,21066588
Новая Москва,Павелецкая,16,76.0,3,15000000
ЮАО,Черкизовская,22,39.5,1,20331637
ВАО,Саларьево,30,40.0,1,13800000
Новая Москва,Говорово,13,44.0,1,16900000
Новая Москва,Саларьево,30,36.0,1,10281348
ЮАО,ЗИЛ,13,65.3,2,25999999
ЮАО,ЗИЛ,24,66.9,2,26693100
Зеленоград,Пятницкое шоссе,59,52.1,2,10100000
Новая Москва,Саларьево,30,37.9,2,11601814
ЮВАО,Авиамоторная,16,84.0,3,21900000
Новая Москва,Саларьево,40,58.1,2,12440088
СЗАО,Зорге,14,120.0,0,34000000
ЮВАО,Кожуховская,13,34.1,1,13047699
СЗАО,Шелепиха,17,58.0,2,27900000
СЗАО,Спартак,13,52.6,2,15036183
ЮАО,Чертановская,14,83.0,2,19500000
ЮВАО,Некрасовка,16,65.6,2,15575802
САО,Аэропорт,12,83.0,3,28000000
СЗАО,Терехово,17,45.2,1,25325560
ЮВАО,Перерва,14,79.2,3,16500000
Новая Москва,Саларьево,30,40.1,2,10727993
ЮЗАО,Беляево,14,55.7,2,17000000
Новая Москва,Солнцево,52,56.8,2,10502071
ЮЗАО,Улица Скобелевская,12,96.3,3,23900000
СЗАО,Терехово,17,82.9,2,34585880
Новая Москва,Пыхтино (2023),25,33.4,1,9800000
СЗАО,Терехово,17,47.6,1,26070520
Зеленоград,Пятницкое шоссе,57,45.0,1,9600000
СВАО,Бутырская,14,67.9,2,36460000
ЮВАО,Угрешская,11,45.0,1,18400000
Новая Москва,Новомосковская (2024),33,38.8,2,10145187
ЮВАО,Волжская,12,57.0,3,12200000
Новая Москва,Саларьево,40,37.7,1,8873047
ЮВАО,Марьино,13,76.4,3,22800000
СЗАО,Хорошёвская,21,22.5,0,5016371
СЗАО,Силикатная,35,28.1,1,15400000
Новая Москва,Нагорная,21,26.8,0,8987290
ЮАО,Новомосковская (2024),33,59.2,2,15500000
Новая Москва,Мичуринский проспект,13,32.7,1,9047305
ЗАО,Бутырская,14,78.0,2,36500000
СВАО,Гражданская,11,44.8,1,22480000
САО,Солнцево,10,94.0,3,32990000
СВАО,Бибирево,25,64.8,3,13500000
Новая Москва,Румянцево,17,37.7,2,9999915
ЮВАО,Стахановская,20,85.0,3,21900000
ЮАО,ЗИЛ,20,73.6,2,24312694
ЗАО,Фили,19,70.0,2,37500000
ЮВАО,Угрешская,9,61.9,2,21620060
ЗАО,Новаторская,15,72.0,3,25000000
ЮВАО,Кожуховская,13,68.7,3,20945840
ЗАО,Раменки,15,43.8,1,27000000
ЦАО,Полянка,7,161.9,3,301900000
Новая Москва,Бунинская аллея,22,36.2,1,9750000
ЮЗАО,Бунинская аллея,16,41.5,1,8719442
Новая Москва,Саларьево,26,56.7,2,12500000
СЗАО,Трикотажная,19,44.2,1,15924950
Зеленоград,Пятницкое шоссе,42,39.0,1,9200000
ВАО,Рижская,19,52.6,2,13998486
САО,Ховрино,51,66.2,2,11700000
ЮАО,ЗИЛ,24,42.3,1,16310880
Новая Москва,Пыхтино (2023),25,36.0,1,9400000
ЗАО,Аминьевская,15,37.1,2,21472279
Новая Москва,Пыхтино (2023),25,36.0,1,9400000
ЮАО,ЗИЛ,19,42.8,1,19533920
ВАО,Бульвар Рокоссовского,18,54.5,2,16700000
САО,Белорусская,4,96.5,3,66604499
ЗАО,Фили,19,44.0,2,19500000
СЗАО,Терехово,17,66.1,2,30769550
Новая Москва,Новомосковская (2024),34,57.2,2,12500000
Новая Москва,Саларьево,30,74.3,3,15582939
САО,Хорошёвская,14,46.5,1,22500000
ЮЗАО,Бунинская аллея,16,53.6,2,12723587
СЗАО,Народное Ополчение,27,46.0,2,18700000
САО,Дмитровская,10,60.7,2,27734419
САО,Яхромская (2023),11,42.3,1,17500000
Новая Москва,Саларьево,30,23.4,1,7620538
ЮАО,Чертановская,16,72.0,2,18900000
САО,Водный стадион,5,82.2,3,23017822
Новая Москва,Новомосковская (2024),48,64.6,3,14890000
ЗАО,Молодёжная,13,53.3,2,21470250
Зеленоград,Пятницкое шоссе,50,40.0,1,9700000
ЮЗАО,Бунинская аллея,16,69.7,3,15710533
Зеленоград,Пятницкое шоссе,50,40.0,1,9700000
ЮЗАО,Бунинская аллея,16,69.7,3,15710533
Новая Москва,Тёплый Стан,41,39.0,1,10700000
ЮВАО,Кожуховская,13,80.5,4,25921588
ЮВАО,Угрешская,11,41.0,1,18500000
Новая Москва,Саларьево,66,52.0,2,10284038
ЗАО,Ломоносовский проспект,18,70.0,2,34900000
ЮЗАО,Новые Черёмушки,14,52.6,1,17715680
ЮВАО,Братиславская,24,41.0,1,10500000
ВАО,Рижская,19,38.6,1,10778223
ВАО,Измайловская,20,24.1,1,7950000
СЗАО,Шелепиха,12,34.4,2,20351913
СВАО,Алтуфьево,21,51.9,2,13200000
ЮЗАО,Бунинская аллея,16,101.3,3,20272504
ЮАО,Покровское,25,53.5,2,11950000
ЮАО,Варшавская (2022),8,45.9,2,17134136
ЗАО,Тропарёво,14,133.0,3,47666850
Новая Москва,Щербинка,39,76.4,3,13712931
ЮЗАО,Новоясеневская,24,54.4,2,13500000
Новая Москва,Новомосковская (2024),33,41.0,2,10979089
Новая Москва,Рассказовка,22,54.0,2,15900000
Новая Москва,Саларьево,66,53.7,2,10557712
ЮЗАО,Тёплый Стан,13,55.5,2,17500000
ЮВАО,Угрешская,9,62.5,2,21985875
Новая Москва,Новомосковская (2024),47,62.3,2,13250000
Новая Москва,Силикатная,32,68.0,4,13276181
ЮАО,Ленинский проспект,11,60.0,2,18500000
Новая Москва,Саларьево,30,36.9,2,12469937
ВАО,Новогиреево,21,60.2,3,13800000
Новая Москва,Саларьево,30,52.0,2,14996592
СВАО,Ростокино,15,65.5,2,35500000
Новая Москва,Щербинка,42,43.8,2,8647155
ЗАО,Минская,16,46.0,1,27500000
СВАО,Марьина Роща,12,85.2,3,28436422
СЗАО,Народное Ополчение,17,111.6,3,38000000
ЮАО,ЗИЛ,19,73.3,2,36034280
ЗАО,Раменки,14,38.0,1,19350000
Новая Москва,Тёплый Стан,38,84.5,3,17970184
Новая Москва,Рассказовка,34,79.0,3,19900000
САО,Дмитровская,10,40.1,1,17069005
СЗАО,Тушинская,11,70.0,2,19800000
Новая Москва,Саларьево,61,72.2,2,9019585
Новая Москва,Саларьево,20,56.1,2,12300000
Новая Москва,Рассказовка,23,40.3,1,9722766
Новая Москва,Саларьево,16,66.5,2,16300000
СЗАО,Шелепиха,12,67.2,3,26848282
САО,ЦСКА,14,46.4,2,19500000
ЮАО,Нагатинская,21,53.8,2,22896378
ЮВАО,Нижегородская,14,86.9,3,16999999
ЮВАО,Кожуховская,13,62.8,2,18279707
ЮАО,Кантемировская,16,78.9,3,18800000
ЮАО,ЗИЛ,20,39.6,1,18859133
ЗАО,Мичуринский проспект,13,78.1,3,36500000
СВАО,Бутырская,14,37.2,1,19380000
ЮВАО,Текстильщики,22,54.7,2,15200000
САО,Дмитровская,10,66.6,2,21856640
СЗАО,Спартак,11,62.4,2,27000000
ЮВАО,Некрасовка,10,42.8,1,13243004
САО,Водный стадион,14,45.0,1,19900000
САО,Дмитровская,10,38.0,1,16226157
САО,Водный стадион,14,45.0,1,19900000
САО,Дмитровская,10,40.0,1,19033077
СВАО,Дмитровская,13,70.0,3,26666666
СЗАО,Спартак,9,35.9,1,15874980
СВАО,Отрадное,22,67.0,2,24950000
ЮВАО,Кожуховская,13,23.1,1,10387390
САО,Динамо,11,66.2,2,36100000
ЮАО,Красный строитель,16,37.2,1,11494800
ЮАО,Царицыно,35,105.0,3,21200000
СВАО,Марьина Роща,12,84.0,3,27735291
САО,Лихоборы,15,83.0,2,25000000
СЗАО,Трикотажная,19,83.2,3,25352071
Новая Москва,Саларьево,19,25.0,1,7500000
ЮАО,Москворечье,22,70.8,2,25581739
ЮАО,Корабельная (2022),28,62.0,3,24500000
ЮВАО,Угрешская,12,56.4,2,17670120
САО,Яхромская (2023),13,60.0,2,19000000
ЦАО,Охотный Ряд,2,59.9,2,7816950
ЮЗАО,Профсоюзная,13,106.0,3,35999999
Новая Москва,Саларьево,30,64.2,3,16218910
ЗАО,Юго-Западная,16,72.8,2,26900000
ВАО,Рижская,19,58.0,2,15353916
ВАО,Черкизовская,24,70.0,3,21100000
СЗАО,Трикотажная,19,65.3,2,26183715
ЮАО,Домодедовская,25,78.4,3,21000000
ЗАО,Раменки,8,106.6,3,51331524
ЮАО,ЗИЛ,14,40.6,1,28000000
Новая Москва,Саларьево,30,22.6,1,8273678
ВАО,Новогиреево,27,52.4,2,14500000
ЮВАО,Площадь Ильича,14,43.0,1,16288400
ЗАО,Молодёжная,13,152.6,4,37700000
Новая Москва,Новомосковская (2024),33,39.6,2,10272307
САО,Речной вокзал,12,11.9,0,4929000
ЮАО,Варшавская (2022),8,70.9,3,22069848
ЗАО,Аминьевская,15,70.0,2,19750000
ЮАО,ЗИЛ,19,77.3,2,28616460
ВАО,Соколиная Гора,12,77.0,3,23000000
ЮЗАО,Бунинская аллея,16,71.9,3,15685497
Новая Москва,Саларьево,20,73.0,3,13200000
САО,Дмитровская,10,64.9,2,23825640
САО,Динамо,11,70.0,2,36100000
СЗАО,Спартак,13,44.3,1,13376872
СЗАО,Шелепиха,17,58.0,2,27750000
САО,Белорусская,4,53.7,1,34849999
Зеленоград,Пятницкое шоссе,69,84.0,3,16300000
Новая Москва,Солнцево,54,36.4,2,8480238
СЗАО,Шелепиха,17,91.0,3,32900000
ЮВАО,Кожуховская,13,34.0,1,11945274
Новая Москва,Силикатная,53,42.0,1,7390000
ЗАО,Мичуринский проспект,13,67.2,2,28029120
ЮАО,Шаболовская,12,73.5,3,23000000
ЮАО,Павелецкая,10,85.4,3,45946443
Новая Москва,Новомосковская (2024),49,39.0,1,7800000
СЗАО,Шелепиха,12,80.8,3,41179246
ЮАО,Варшавская (2022),22,44.0,2,16800000
Новая Москва,Тёплый Стан,38,88.7,3,19672468
ЮАО,ЗИЛ,16,69.4,2,31000000
ЗАО,Молодёжная,13,62.7,3,20573751
ЗАО,Багратионовская,13,70.0,3,23730000
ЮЗАО,Бунинская аллея,16,51.3,2,11308588
Зеленоград,Пятницкое шоссе,54,75.6,3,23300000
ЮВАО,Некрасовка,18,44.0,1,11699864
Зеленоград,Пятницкое шоссе,42,78.4,3,19000000
СВАО,Бутырская,14,35.4,1,19110000
САО,Лихоборы,12,51.4,2,16700000
СЗАО,Стрешнево,14,99.6,3,35656800
ЮАО,Царицыно,35,75.0,2,16000000
ЮЗАО,Бунинская аллея,16,75.2,3,16261641
ЗАО,Фили,19,70.0,2,29500000
Новая Москва,Щербинка,42,51.9,3,10289388
СЗАО,Народное Ополчение,21,45.7,2,14400000
ЗАО,Раменки,8,40.5,1,23744623
СЗАО,Шелепиха,17,68.0,0,33500000
ЮЗАО,Новые Черёмушки,14,43.3,1,14661380
Новая Москва,Румянцево,29,55.0,2,12800000
СВАО,Бутырская,14,59.7,2,29430000
ЮАО,ЗИЛ,13,82.0,3,29999999
Новая Москва,Саларьево,30,32.5,1,10396840
Зеленоград,Пятницкое шоссе,62,37.2,1,7850000
Новая Москва,Саларьево,30,26.4,1,8377222
